
INSERT INTO N    VALUES ('1', '', '0', '_2', 'Nonleaf');
INSERT INTO NLN  VALUES ('1', '1_1', 'Root');
INSERT INTO ROOT VALUES ('1');
INSERT INTO N    VALUES ('1_1', '1', '0', '1_2', 'Leaf');
INSERT INTO LN   VALUES ('1_1', 'Term');
INSERT INTO T    VALUES ('1_1', 'header', 'header');
INSERT INTO N    VALUES ('1_2', '1', '0', '1_3', 'Leaf');
INSERT INTO LN   VALUES ('1_2', 'Term');
INSERT INTO T    VALUES ('1_2', 'ACTION', '  package com.mentor.nucleus.bp.als.oal;  import antlr.CharScanner;  ');
INSERT INTO N    VALUES ('1_3', '1', '0', '1_4', 'Leaf');
INSERT INTO LN   VALUES ('1_3', 'Term');
INSERT INTO T    VALUES ('1_3', 'class', 'class');
INSERT INTO N    VALUES ('1_4', '1', '0', '1_5', 'Leaf');
INSERT INTO LN   VALUES ('1_4', 'Term');
INSERT INTO T    VALUES ('1_4', 'TOKEN_REF', 'OalParser');
INSERT INTO N    VALUES ('1_5', '1', '0', '1_6', 'Leaf');
INSERT INTO LN   VALUES ('1_5', 'Term');
INSERT INTO T    VALUES ('1_5', 'extends', 'extends');
INSERT INTO N    VALUES ('1_6', '1', '0', '1_7', 'Leaf');
INSERT INTO LN   VALUES ('1_6', 'Term');
INSERT INTO T    VALUES ('1_6', 'Parser', 'Parser');
INSERT INTO N    VALUES ('1_7', '1', '0', '1_8', 'Leaf');
INSERT INTO LN   VALUES ('1_7', 'Term');
INSERT INTO T    VALUES ('1_7', 'SEMI', ';');
INSERT INTO N    VALUES ('1_8', '1', '0', '1_9', 'Leaf');
INSERT INTO LN   VALUES ('1_8', 'Term');
INSERT INTO T    VALUES ('1_8', 'OPTIONS', 'options {');
INSERT INTO N    VALUES ('1_9', '1', '0', '1_10', 'Leaf');
INSERT INTO LN   VALUES ('1_9', 'Rref');
INSERT INTO RR   VALUES ('1_9', 'exportVocab');
INSERT INTO N    VALUES ('1_10', '1', '0', '1_11', 'Leaf');
INSERT INTO LN   VALUES ('1_10', 'Term');
INSERT INTO T    VALUES ('1_10', 'ASSIGN', '=');
INSERT INTO N    VALUES ('1_11', '1', '0', '1_12', 'Leaf');
INSERT INTO LN   VALUES ('1_11', 'Term');
INSERT INTO T    VALUES ('1_11', 'TOKEN_REF', 'Oal');
INSERT INTO N    VALUES ('1_12', '1', '0', '1_13', 'Leaf');
INSERT INTO LN   VALUES ('1_12', 'Term');
INSERT INTO T    VALUES ('1_12', 'SEMI', ';');
INSERT INTO N    VALUES ('1_13', '1', '0', '1_14', 'Leaf');
INSERT INTO LN   VALUES ('1_13', 'Rref');
INSERT INTO RR   VALUES ('1_13', 'buildAST');
INSERT INTO N    VALUES ('1_14', '1', '0', '1_15', 'Leaf');
INSERT INTO LN   VALUES ('1_14', 'Term');
INSERT INTO T    VALUES ('1_14', 'ASSIGN', '=');
INSERT INTO N    VALUES ('1_15', '1', '0', '1_16', 'Leaf');
INSERT INTO LN   VALUES ('1_15', 'Rref');
INSERT INTO RR   VALUES ('1_15', 'true');
INSERT INTO N    VALUES ('1_16', '1', '0', '1_17', 'Leaf');
INSERT INTO LN   VALUES ('1_16', 'Term');
INSERT INTO T    VALUES ('1_16', 'SEMI', ';');
INSERT INTO N    VALUES ('1_17', '1', '0', '1_18', 'Leaf');
INSERT INTO LN   VALUES ('1_17', 'Rref');
INSERT INTO RR   VALUES ('1_17', 'k');
INSERT INTO N    VALUES ('1_18', '1', '0', '1_19', 'Leaf');
INSERT INTO LN   VALUES ('1_18', 'Term');
INSERT INTO T    VALUES ('1_18', 'ASSIGN', '=');
INSERT INTO N    VALUES ('1_19', '1', '0', '1_20', 'Leaf');
INSERT INTO LN   VALUES ('1_19', 'Term');
INSERT INTO T    VALUES ('1_19', 'INT', '2');
INSERT INTO N    VALUES ('1_20', '1', '0', '1_21', 'Leaf');
INSERT INTO LN   VALUES ('1_20', 'Term');
INSERT INTO T    VALUES ('1_20', 'SEMI', ';');
INSERT INTO N    VALUES ('1_21', '1', '0', '1_22', 'Leaf');
INSERT INTO LN   VALUES ('1_21', 'Term');
INSERT INTO T    VALUES ('1_21', 'RCURLY', '}');
INSERT INTO N    VALUES ('1_22', '1', '0', '1_23', 'Leaf');
INSERT INTO LN   VALUES ('1_22', 'Term');
INSERT INTO T    VALUES ('1_22', 'ACTION', '  	public Oal_validate m_oal_context = null;   	/* This function will be overridden by a child class */  	/* This implementation is used by the unit test */  	public void reportError(RecognitionException arg0) {  		m_output += arg0.toString() + "\n";  	}  	public String m_output = "";   	private void rememberLocation(Token t) throws RecognitionException  	{  	   m_oal_context.Rememberlocation(getModelRoot(), t);  	}  	private void ifStatementRemember(UUID blk_id,  	  UUID stmt_id) throws RecognitionException {  		m_oal_context.Ifstatementremember(getModelRoot(),  				blk_id, stmt_id);  	}   ');
INSERT INTO N    VALUES ('1_23', '1', '1_23', '1_24', 'Nonleaf');
INSERT INTO NLN  VALUES ('1_23', '1_23_1', 'Rule');
INSERT INTO R    VALUES ('1_23', 'action');
INSERT INTO N    VALUES ('1_23_1', '1_23', '1_23', '1_23_2', 'Leaf');
INSERT INTO LN   VALUES ('1_23_1', 'Term');
INSERT INTO T    VALUES ('1_23_1', 'ARG_ACTION', 'OalConstants type');
INSERT INTO N    VALUES ('1_23_2', '1_23', '1_23', '1_23_3', 'Leaf');
INSERT INTO LN   VALUES ('1_23_2', 'Term');
INSERT INTO T    VALUES ('1_23_2', 'COLON', ':');
INSERT INTO N    VALUES ('1_23_3', '1_23', '1_23', '1_23_4', 'Leaf');
INSERT INTO LN   VALUES ('1_23_3', 'Rref');
INSERT INTO RR   VALUES ('1_23_3', 'block');
INSERT INTO N    VALUES ('1_23_4', '1_23', '1_23', '1_23_5', 'Leaf');
INSERT INTO LN   VALUES ('1_23_4', 'Term');
INSERT INTO T    VALUES ('1_23_4', 'ARG_ACTION', 'true');
INSERT INTO N    VALUES ('1_23_5', '1_23', '1_23', '1_23_6', 'Leaf');
INSERT INTO LN   VALUES ('1_23_5', 'Term');
INSERT INTO T    VALUES ('1_23_5', 'TOKEN_REF', 'EOF');
INSERT INTO N    VALUES ('1_23_6', '1_23', '1_23', '1_23_7', 'Leaf');
INSERT INTO LN   VALUES ('1_23_6', 'Term');
INSERT INTO T    VALUES ('1_23_6', 'BANG', '!');
INSERT INTO N    VALUES ('1_24', '1', '1_24', '1_25', 'Nonleaf');
INSERT INTO NLN  VALUES ('1_24', '1_24_1', 'Rule');
INSERT INTO R    VALUES ('1_24', 'block');
INSERT INTO N    VALUES ('1_24_1', '1_24', '1_24', '1_24_2', 'Leaf');
INSERT INTO LN   VALUES ('1_24_1', 'Term');
INSERT INTO T    VALUES ('1_24_1', 'ARG_ACTION', 'boolean isRoot');
INSERT INTO N    VALUES ('1_24_2', '1_24', '1_24', '1_24_3', 'Leaf');
INSERT INTO LN   VALUES ('1_24_2', 'Term');
INSERT INTO T    VALUES ('1_24_2', 'COLON', ':');
INSERT INTO N    VALUES ('1_24_3', '1_24', '1_24', '1_24_4', 'Nonleaf');
INSERT INTO NLN  VALUES ('1_24_3', '1_24_3_1', 'Ebnf');
INSERT INTO EBNF VALUES ('1_24_3', '*');
INSERT INTO N    VALUES ('1_24_3_1', '1_24_3', '1_24', '1_24_3_2', 'Leaf');
INSERT INTO LN   VALUES ('1_24_3_1', 'Term');
INSERT INTO T    VALUES ('1_24_3_1', 'OPTIONS', 'options {');
INSERT INTO N    VALUES ('1_24_3_2', '1_24_3', '1_24', '1_24_3_3', 'Leaf');
INSERT INTO LN   VALUES ('1_24_3_2', 'Rref');
INSERT INTO RR   VALUES ('1_24_3_2', 'greedy');
INSERT INTO N    VALUES ('1_24_3_3', '1_24_3', '1_24', '1_24_3_4', 'Leaf');
INSERT INTO LN   VALUES ('1_24_3_3', 'Term');
INSERT INTO T    VALUES ('1_24_3_3', 'ASSIGN', '=');
INSERT INTO N    VALUES ('1_24_3_4', '1_24_3', '1_24', '1_24_3_5', 'Leaf');
INSERT INTO LN   VALUES ('1_24_3_4', 'Rref');
INSERT INTO RR   VALUES ('1_24_3_4', 'false');
INSERT INTO N    VALUES ('1_24_3_5', '1_24_3', '1_24', '1_24_3_6', 'Leaf');
INSERT INTO LN   VALUES ('1_24_3_5', 'Term');
INSERT INTO T    VALUES ('1_24_3_5', 'SEMI', ';');
INSERT INTO N    VALUES ('1_24_3_6', '1_24_3', '1_24', '1_24_3_7', 'Leaf');
INSERT INTO LN   VALUES ('1_24_3_6', 'Rref');
INSERT INTO RR   VALUES ('1_24_3_6', 'warnWhenFollowAmbig');
INSERT INTO N    VALUES ('1_24_3_7', '1_24_3', '1_24', '1_24_3_8', 'Leaf');
INSERT INTO LN   VALUES ('1_24_3_7', 'Term');
INSERT INTO T    VALUES ('1_24_3_7', 'ASSIGN', '=');
INSERT INTO N    VALUES ('1_24_3_8', '1_24_3', '1_24', '1_24_3_9', 'Leaf');
INSERT INTO LN   VALUES ('1_24_3_8', 'Rref');
INSERT INTO RR   VALUES ('1_24_3_8', 'false');
INSERT INTO N    VALUES ('1_24_3_9', '1_24_3', '1_24', '1_24_3_10', 'Leaf');
INSERT INTO LN   VALUES ('1_24_3_9', 'Term');
INSERT INTO T    VALUES ('1_24_3_9', 'SEMI', ';');
INSERT INTO N    VALUES ('1_24_3_10', '1_24_3', '1_24', '1_24_3_11', 'Leaf');
INSERT INTO LN   VALUES ('1_24_3_10', 'Term');
INSERT INTO T    VALUES ('1_24_3_10', 'RCURLY', '}');
INSERT INTO N    VALUES ('1_24_3_11', '1_24_3', '1_24', '1_24_3_12', 'Leaf');
INSERT INTO LN   VALUES ('1_24_3_11', 'Term');
INSERT INTO T    VALUES ('1_24_3_11', 'COLON', ':');
INSERT INTO N    VALUES ('1_24_3_12', '1_24_3', '1_24', '1_24_3_13', 'Leaf');
INSERT INTO LN   VALUES ('1_24_3_12', 'Rref');
INSERT INTO RR   VALUES ('1_24_3_12', 'statement');
INSERT INTO N    VALUES ('1_25', '1', '1_25', '1_26', 'Nonleaf');
INSERT INTO NLN  VALUES ('1_25', '1_25_1', 'Rule');
INSERT INTO R    VALUES ('1_25', 'statement');
INSERT INTO N    VALUES ('1_25_1', '1_25', '1_25', '1_25_2', 'Leaf');
INSERT INTO LN   VALUES ('1_25_1', 'Term');
INSERT INTO T    VALUES ('1_25_1', 'BANG', '!');
INSERT INTO N    VALUES ('1_25_2', '1_25', '1_25', '1_25_3', 'Leaf');
INSERT INTO LN   VALUES ('1_25_2', 'Term');
INSERT INTO T    VALUES ('1_25_2', 'COLON', ':');
INSERT INTO N    VALUES ('1_25_3', '1_25', '1_25', '1_25_4', 'Leaf');
INSERT INTO LN   VALUES ('1_25_3', 'Term');
INSERT INTO T    VALUES ('1_25_3', 'ACTION', ' rememberLocation(LT(1)); ');
INSERT INTO N    VALUES ('1_25_4', '1_25', '1_25', '1_25_5', 'Nonleaf');
INSERT INTO NLN  VALUES ('1_25_4', '1_25_4_1', 'Ebnf');
INSERT INTO EBNF VALUES ('1_25_4', '');
INSERT INTO N    VALUES ('1_25_4_1', '1_25_4', '1_25', '1_25_4_2', 'Nonleaf');
INSERT INTO NLN  VALUES ('1_25_4_1', '1_25_4_1_1', 'Ebnf');
INSERT INTO EBNF VALUES ('1_25_4_1', '=>');
INSERT INTO N    VALUES ('1_25_4_1_1', '1_25_4_1', '1_25', '1_25_4_1_2', 'Leaf');
INSERT INTO LN   VALUES ('1_25_4_1_1', 'Rref');
INSERT INTO RR   VALUES ('1_25_4_1_1', 'implicit_ib_transform_statement');
INSERT INTO N    VALUES ('1_25_4_2', '1_25_4', '1_25', '1_25_4_3', 'Leaf');
INSERT INTO LN   VALUES ('1_25_4_2', 'Rref');
INSERT INTO RR   VALUES ('1_25_4_2', 'implicit_ib_transform_statement');
INSERT INTO N    VALUES ('1_25_4_3', '1_25_4', '1_25', '1_25_4_4', 'Leaf');
INSERT INTO LN   VALUES ('1_25_4_3', 'Term');
INSERT INTO T    VALUES ('1_25_4_3', 'OR', '|');
INSERT INTO N    VALUES ('1_25_4_4', '1_25_4', '1_25', '1_25_4_5', 'Nonleaf');
INSERT INTO NLN  VALUES ('1_25_4_4', '1_25_4_4_1', 'Ebnf');
INSERT INTO EBNF VALUES ('1_25_4_4', '=>');
INSERT INTO N    VALUES ('1_25_4_4_1', '1_25_4_4', '1_25', '1_25_4_4_2', 'Leaf');
INSERT INTO LN   VALUES ('1_25_4_4_1', 'Rref');
INSERT INTO RR   VALUES ('1_25_4_4_1', 'function_statement');
INSERT INTO N    VALUES ('1_25_4_5', '1_25_4', '1_25', '1_25_4_6', 'Leaf');
INSERT INTO LN   VALUES ('1_25_4_5', 'Rref');
INSERT INTO RR   VALUES ('1_25_4_5', 'function_statement');
INSERT INTO N    VALUES ('1_25_4_6', '1_25_4', '1_25', '1_25_4_7', 'Leaf');
INSERT INTO LN   VALUES ('1_25_4_6', 'Term');
INSERT INTO T    VALUES ('1_25_4_6', 'OR', '|');
INSERT INTO N    VALUES ('1_25_4_7', '1_25_4', '1_25', '1_25_4_8', 'Leaf');
INSERT INTO LN   VALUES ('1_25_4_7', 'Rref');
INSERT INTO RR   VALUES ('1_25_4_7', 'implicit_assignment_statement');
INSERT INTO N    VALUES ('1_25_4_8', '1_25_4', '1_25', '1_25_4_9', 'Leaf');
INSERT INTO LN   VALUES ('1_25_4_8', 'Term');
INSERT INTO T    VALUES ('1_25_4_8', 'OR', '|');
INSERT INTO N    VALUES ('1_25_4_9', '1_25_4', '1_25', '1_25_4_10', 'Leaf');
INSERT INTO LN   VALUES ('1_25_4_9', 'Rref');
INSERT INTO RR   VALUES ('1_25_4_9', 'implicit_invocation_statement');
INSERT INTO N    VALUES ('1_25_4_10', '1_25_4', '1_25', '1_25_4_11', 'Leaf');
INSERT INTO LN   VALUES ('1_25_4_10', 'Term');
INSERT INTO T    VALUES ('1_25_4_10', 'OR', '|');
INSERT INTO N    VALUES ('1_25_4_11', '1_25_4', '1_25', '1_25_4_12', 'Leaf');
INSERT INTO LN   VALUES ('1_25_4_11', 'Rref');
INSERT INTO RR   VALUES ('1_25_4_11', 'assignment_statement');
INSERT INTO N    VALUES ('1_25_4_12', '1_25_4', '1_25', '1_25_4_13', 'Leaf');
INSERT INTO LN   VALUES ('1_25_4_12', 'Term');
INSERT INTO T    VALUES ('1_25_4_12', 'OR', '|');
INSERT INTO N    VALUES ('1_25_4_13', '1_25_4', '1_25', '1_25_4_14', 'Leaf');
INSERT INTO LN   VALUES ('1_25_4_13', 'Rref');
INSERT INTO RR   VALUES ('1_25_4_13', 'control_statement');
INSERT INTO N    VALUES ('1_25_4_14', '1_25_4', '1_25', '1_25_4_15', 'Leaf');
INSERT INTO LN   VALUES ('1_25_4_14', 'Term');
INSERT INTO T    VALUES ('1_25_4_14', 'OR', '|');
INSERT INTO N    VALUES ('1_25_4_15', '1_25_4', '1_25', '1_25_4_16', 'Leaf');
INSERT INTO LN   VALUES ('1_25_4_15', 'Rref');
INSERT INTO RR   VALUES ('1_25_4_15', 'break_statement');
INSERT INTO N    VALUES ('1_25_4_16', '1_25_4', '1_25', '1_25_4_17', 'Leaf');
INSERT INTO LN   VALUES ('1_25_4_16', 'Term');
INSERT INTO T    VALUES ('1_25_4_16', 'OR', '|');
INSERT INTO N    VALUES ('1_25_4_17', '1_25_4', '1_25', '1_25_4_18', 'Leaf');
INSERT INTO LN   VALUES ('1_25_4_17', 'Rref');
INSERT INTO RR   VALUES ('1_25_4_17', 'bridge_statement');
INSERT INTO N    VALUES ('1_25_4_18', '1_25_4', '1_25', '1_25_4_19', 'Leaf');
INSERT INTO LN   VALUES ('1_25_4_18', 'Term');
INSERT INTO T    VALUES ('1_25_4_18', 'OR', '|');
INSERT INTO N    VALUES ('1_25_4_19', '1_25_4', '1_25', '1_25_4_20', 'Leaf');
INSERT INTO LN   VALUES ('1_25_4_19', 'Rref');
INSERT INTO RR   VALUES ('1_25_4_19', 'send_statement');
INSERT INTO N    VALUES ('1_25_4_20', '1_25_4', '1_25', '1_25_4_21', 'Leaf');
INSERT INTO LN   VALUES ('1_25_4_20', 'Term');
INSERT INTO T    VALUES ('1_25_4_20', 'OR', '|');
INSERT INTO N    VALUES ('1_25_4_21', '1_25_4', '1_25', '1_25_4_22', 'Leaf');
INSERT INTO LN   VALUES ('1_25_4_21', 'Rref');
INSERT INTO RR   VALUES ('1_25_4_21', 'continue_statement');
INSERT INTO N    VALUES ('1_25_4_22', '1_25_4', '1_25', '1_25_4_23', 'Leaf');
INSERT INTO LN   VALUES ('1_25_4_22', 'Term');
INSERT INTO T    VALUES ('1_25_4_22', 'OR', '|');
INSERT INTO N    VALUES ('1_25_4_23', '1_25_4', '1_25', '1_25_4_24', 'Leaf');
INSERT INTO LN   VALUES ('1_25_4_23', 'Rref');
INSERT INTO RR   VALUES ('1_25_4_23', 'create_object_statement');
INSERT INTO N    VALUES ('1_25_4_24', '1_25_4', '1_25', '1_25_4_25', 'Leaf');
INSERT INTO LN   VALUES ('1_25_4_24', 'Term');
INSERT INTO T    VALUES ('1_25_4_24', 'OR', '|');
INSERT INTO N    VALUES ('1_25_4_25', '1_25_4', '1_25', '1_25_4_26', 'Leaf');
INSERT INTO LN   VALUES ('1_25_4_25', 'Rref');
INSERT INTO RR   VALUES ('1_25_4_25', 'create_event_statement');
INSERT INTO N    VALUES ('1_25_4_26', '1_25_4', '1_25', '1_25_4_27', 'Leaf');
INSERT INTO LN   VALUES ('1_25_4_26', 'Term');
INSERT INTO T    VALUES ('1_25_4_26', 'OR', '|');
INSERT INTO N    VALUES ('1_25_4_27', '1_25_4', '1_25', '1_25_4_28', 'Leaf');
INSERT INTO LN   VALUES ('1_25_4_27', 'Rref');
INSERT INTO RR   VALUES ('1_25_4_27', 'delete_statement');
INSERT INTO N    VALUES ('1_25_4_28', '1_25_4', '1_25', '1_25_4_29', 'Leaf');
INSERT INTO LN   VALUES ('1_25_4_28', 'Term');
INSERT INTO T    VALUES ('1_25_4_28', 'OR', '|');
INSERT INTO N    VALUES ('1_25_4_29', '1_25_4', '1_25', '1_25_4_30', 'Leaf');
INSERT INTO LN   VALUES ('1_25_4_29', 'Rref');
INSERT INTO RR   VALUES ('1_25_4_29', 'for_statement');
INSERT INTO N    VALUES ('1_25_4_30', '1_25_4', '1_25', '1_25_4_31', 'Leaf');
INSERT INTO LN   VALUES ('1_25_4_30', 'Term');
INSERT INTO T    VALUES ('1_25_4_30', 'OR', '|');
INSERT INTO N    VALUES ('1_25_4_31', '1_25_4', '1_25', '1_25_4_32', 'Leaf');
INSERT INTO LN   VALUES ('1_25_4_31', 'Rref');
INSERT INTO RR   VALUES ('1_25_4_31', 'generate_statement');
INSERT INTO N    VALUES ('1_25_4_32', '1_25_4', '1_25', '1_25_4_33', 'Leaf');
INSERT INTO LN   VALUES ('1_25_4_32', 'Term');
INSERT INTO T    VALUES ('1_25_4_32', 'OR', '|');
INSERT INTO N    VALUES ('1_25_4_33', '1_25_4', '1_25', '1_25_4_34', 'Leaf');
INSERT INTO LN   VALUES ('1_25_4_33', 'Rref');
INSERT INTO RR   VALUES ('1_25_4_33', 'if_statement');
INSERT INTO N    VALUES ('1_25_4_34', '1_25_4', '1_25', '1_25_4_35', 'Leaf');
INSERT INTO LN   VALUES ('1_25_4_34', 'Term');
INSERT INTO T    VALUES ('1_25_4_34', 'OR', '|');
INSERT INTO N    VALUES ('1_25_4_35', '1_25_4', '1_25', '1_25_4_36', 'Leaf');
INSERT INTO LN   VALUES ('1_25_4_35', 'Rref');
INSERT INTO RR   VALUES ('1_25_4_35', 'relate_statement');
INSERT INTO N    VALUES ('1_25_4_36', '1_25_4', '1_25', '1_25_4_37', 'Leaf');
INSERT INTO LN   VALUES ('1_25_4_36', 'Term');
INSERT INTO T    VALUES ('1_25_4_36', 'OR', '|');
INSERT INTO N    VALUES ('1_25_4_37', '1_25_4', '1_25', '1_25_4_38', 'Leaf');
INSERT INTO LN   VALUES ('1_25_4_37', 'Rref');
INSERT INTO RR   VALUES ('1_25_4_37', 'return_statement');
INSERT INTO N    VALUES ('1_25_4_38', '1_25_4', '1_25', '1_25_4_39', 'Leaf');
INSERT INTO LN   VALUES ('1_25_4_38', 'Term');
INSERT INTO T    VALUES ('1_25_4_38', 'OR', '|');
INSERT INTO N    VALUES ('1_25_4_39', '1_25_4', '1_25', '1_25_4_40', 'Leaf');
INSERT INTO LN   VALUES ('1_25_4_39', 'Rref');
INSERT INTO RR   VALUES ('1_25_4_39', 'select_statement');
INSERT INTO N    VALUES ('1_25_4_40', '1_25_4', '1_25', '1_25_4_41', 'Leaf');
INSERT INTO LN   VALUES ('1_25_4_40', 'Term');
INSERT INTO T    VALUES ('1_25_4_40', 'OR', '|');
INSERT INTO N    VALUES ('1_25_4_41', '1_25_4', '1_25', '1_25_4_42', 'Leaf');
INSERT INTO LN   VALUES ('1_25_4_41', 'Rref');
INSERT INTO RR   VALUES ('1_25_4_41', 'transform_statement');
INSERT INTO N    VALUES ('1_25_4_42', '1_25_4', '1_25', '1_25_4_43', 'Leaf');
INSERT INTO LN   VALUES ('1_25_4_42', 'Term');
INSERT INTO T    VALUES ('1_25_4_42', 'OR', '|');
INSERT INTO N    VALUES ('1_25_4_43', '1_25_4', '1_25', '1_25_4_44', 'Leaf');
INSERT INTO LN   VALUES ('1_25_4_43', 'Rref');
INSERT INTO RR   VALUES ('1_25_4_43', 'while_statement');
INSERT INTO N    VALUES ('1_25_4_44', '1_25_4', '1_25', '1_25_4_45', 'Leaf');
INSERT INTO LN   VALUES ('1_25_4_44', 'Term');
INSERT INTO T    VALUES ('1_25_4_44', 'OR', '|');
INSERT INTO N    VALUES ('1_25_4_45', '1_25_4', '1_25', '1_25_4_46', 'Leaf');
INSERT INTO LN   VALUES ('1_25_4_45', 'Rref');
INSERT INTO RR   VALUES ('1_25_4_45', 'unrelate_statement');
INSERT INTO N    VALUES ('1_25_4_46', '1_25_4', '1_25', '1_25_4_47', 'Leaf');
INSERT INTO LN   VALUES ('1_25_4_46', 'Term');
INSERT INTO T    VALUES ('1_25_4_46', 'OR', '|');
INSERT INTO N    VALUES ('1_25_4_47', '1_25_4', '1_25', '1_25_4_48', 'Leaf');
INSERT INTO LN   VALUES ('1_25_4_47', 'Rref');
INSERT INTO RR   VALUES ('1_25_4_47', 'debug_statement');
INSERT INTO N    VALUES ('1_25_4_48', '1_25_4', '1_25', '1_25_4_49', 'Leaf');
INSERT INTO LN   VALUES ('1_25_4_48', 'Term');
INSERT INTO T    VALUES ('1_25_4_48', 'OR', '|');
INSERT INTO N    VALUES ('1_25_4_49', '1_25_4', '1_25', '1_25_4_50', 'Leaf');
INSERT INTO LN   VALUES ('1_25_4_49', 'Rref');
INSERT INTO RR   VALUES ('1_25_4_49', 'empty_statement');
INSERT INTO N    VALUES ('1_25_5', '1_25', '1_25', '1_25_6', 'Leaf');
INSERT INTO LN   VALUES ('1_25_5', 'Term');
INSERT INTO T    VALUES ('1_25_5', 'TOKEN_REF', 'Semicolon');
INSERT INTO N    VALUES ('1_25_6', '1_25', '1_25', '1_25_7', 'Leaf');
INSERT INTO LN   VALUES ('1_25_6', 'Term');
INSERT INTO T    VALUES ('1_25_6', 'BANG', '!');
INSERT INTO N    VALUES ('1_26', '1', '1_26', '1_27', 'Nonleaf');
INSERT INTO NLN  VALUES ('1_26', '1_26_1', 'Rule');
INSERT INTO R    VALUES ('1_26', 'assignment_statement');
INSERT INTO N    VALUES ('1_26_1', '1_26', '1_26', '1_26_2', 'Leaf');
INSERT INTO LN   VALUES ('1_26_1', 'Term');
INSERT INTO T    VALUES ('1_26_1', 'COLON', ':');
INSERT INTO N    VALUES ('1_26_2', '1_26', '1_26', '1_26_3', 'Leaf');
INSERT INTO LN   VALUES ('1_26_2', 'Term');
INSERT INTO T    VALUES ('1_26_2', 'STRING_LITERAL', 'assign');
INSERT INTO N    VALUES ('1_26_3', '1_26', '1_26', '1_26_4', 'Leaf');
INSERT INTO LN   VALUES ('1_26_3', 'Term');
INSERT INTO T    VALUES ('1_26_3', 'BANG', '!');
INSERT INTO N    VALUES ('1_26_4', '1_26', '1_26', '1_26_5', 'Leaf');
INSERT INTO LN   VALUES ('1_26_4', 'Rref');
INSERT INTO RR   VALUES ('1_26_4', 'assignment_expr');
INSERT INTO N    VALUES ('1_27', '1', '1_27', '1_28', 'Nonleaf');
INSERT INTO NLN  VALUES ('1_27', '1_27_1', 'Rule');
INSERT INTO R    VALUES ('1_27', 'break_statement');
INSERT INTO N    VALUES ('1_27_1', '1_27', '1_27', '1_27_2', 'Leaf');
INSERT INTO LN   VALUES ('1_27_1', 'Term');
INSERT INTO T    VALUES ('1_27_1', 'COLON', ':');
INSERT INTO N    VALUES ('1_27_2', '1_27', '1_27', '1_27_3', 'Leaf');
INSERT INTO LN   VALUES ('1_27_2', 'Term');
INSERT INTO T    VALUES ('1_27_2', 'STRING_LITERAL', 'break');
INSERT INTO N    VALUES ('1_27_3', '1_27', '1_27', '1_27_4', 'Leaf');
INSERT INTO LN   VALUES ('1_27_3', 'Term');
INSERT INTO T    VALUES ('1_27_3', 'BANG', '!');
INSERT INTO N    VALUES ('1_28', '1', '1_28', '1_29', 'Nonleaf');
INSERT INTO NLN  VALUES ('1_28', '1_28_1', 'Rule');
INSERT INTO R    VALUES ('1_28', 'bridge_statement');
INSERT INTO N    VALUES ('1_28_1', '1_28', '1_28', '1_28_2', 'Leaf');
INSERT INTO LN   VALUES ('1_28_1', 'Term');
INSERT INTO T    VALUES ('1_28_1', 'COLON', ':');
INSERT INTO N    VALUES ('1_28_2', '1_28', '1_28', '1_28_3', 'Leaf');
INSERT INTO LN   VALUES ('1_28_2', 'Term');
INSERT INTO T    VALUES ('1_28_2', 'STRING_LITERAL', 'bridge');
INSERT INTO N    VALUES ('1_28_3', '1_28', '1_28', '1_28_4', 'Leaf');
INSERT INTO LN   VALUES ('1_28_3', 'Term');
INSERT INTO T    VALUES ('1_28_3', 'BANG', '!');
INSERT INTO N    VALUES ('1_28_4', '1_28', '1_28', '1_28_5', 'Nonleaf');
INSERT INTO NLN  VALUES ('1_28_4', '1_28_4_1', 'Ebnf');
INSERT INTO EBNF VALUES ('1_28_4', '');
INSERT INTO N    VALUES ('1_28_4_1', '1_28_4', '1_28', '1_28_4_2', 'Nonleaf');
INSERT INTO NLN  VALUES ('1_28_4_1', '1_28_4_1_1', 'Ebnf');
INSERT INTO EBNF VALUES ('1_28_4_1', '');
INSERT INTO N    VALUES ('1_28_4_1_1', '1_28_4_1', '1_28', '1_28_4_1_2', 'Nonleaf');
INSERT INTO NLN  VALUES ('1_28_4_1_1', '1_28_4_1_1_1', 'Ebnf');
INSERT INTO EBNF VALUES ('1_28_4_1_1', '');
INSERT INTO N    VALUES ('1_28_4_1_1_1', '1_28_4_1_1', '1_28', '1_28_4_1_1_2', 'Leaf');
INSERT INTO LN   VALUES ('1_28_4_1_1_1', 'Rref');
INSERT INTO RR   VALUES ('1_28_4_1_1_1', 'member_access');
INSERT INTO N    VALUES ('1_28_4_1_1_2', '1_28_4_1_1', '1_28', '1_28_4_1_1_3', 'Leaf');
INSERT INTO LN   VALUES ('1_28_4_1_1_2', 'Term');
INSERT INTO T    VALUES ('1_28_4_1_1_2', 'ARG_ACTION', 'true');
INSERT INTO N    VALUES ('1_28_4_1_1_3', '1_28_4_1_1', '1_28', '1_28_4_1_1_4', 'Leaf');
INSERT INTO LN   VALUES ('1_28_4_1_1_3', 'Term');
INSERT INTO T    VALUES ('1_28_4_1_1_3', 'OR', '|');
INSERT INTO N    VALUES ('1_28_4_1_1_4', '1_28_4_1_1', '1_28', '1_28_4_1_1_5', 'Leaf');
INSERT INTO LN   VALUES ('1_28_4_1_1_4', 'Rref');
INSERT INTO RR   VALUES ('1_28_4_1_1_4', 'param_data_access');
INSERT INTO N    VALUES ('1_28_4_1_1_5', '1_28_4_1_1', '1_28', '1_28_4_1_1_6', 'Leaf');
INSERT INTO LN   VALUES ('1_28_4_1_1_5', 'Term');
INSERT INTO T    VALUES ('1_28_4_1_1_5', 'ARG_ACTION', 'true');
INSERT INTO N    VALUES ('1_28_4_1_2', '1_28_4_1', '1_28', '1_28_4_1_3', 'Leaf');
INSERT INTO LN   VALUES ('1_28_4_1_2', 'Term');
INSERT INTO T    VALUES ('1_28_4_1_2', 'TOKEN_REF', 'TOK_EQUAL');
INSERT INTO N    VALUES ('1_28_4_1_3', '1_28_4_1', '1_28', '1_28_4_1_4', 'Leaf');
INSERT INTO LN   VALUES ('1_28_4_1_3', 'Term');
INSERT INTO T    VALUES ('1_28_4_1_3', 'BANG', '!');
INSERT INTO N    VALUES ('1_28_4_1_4', '1_28_4_1', '1_28', '1_28_4_1_5', 'Leaf');
INSERT INTO LN   VALUES ('1_28_4_1_4', 'Rref');
INSERT INTO RR   VALUES ('1_28_4_1_4', 'bridge_invocation');
INSERT INTO N    VALUES ('1_28_4_1_5', '1_28_4_1', '1_28', '1_28_4_1_6', 'Leaf');
INSERT INTO LN   VALUES ('1_28_4_1_5', 'Term');
INSERT INTO T    VALUES ('1_28_4_1_5', 'ARG_ACTION', 'true');
INSERT INTO N    VALUES ('1_28_4_2', '1_28_4', '1_28', '1_28_4_3', 'Leaf');
INSERT INTO LN   VALUES ('1_28_4_2', 'Term');
INSERT INTO T    VALUES ('1_28_4_2', 'OR', '|');
INSERT INTO N    VALUES ('1_28_4_3', '1_28_4', '1_28', '1_28_4_4', 'Leaf');
INSERT INTO LN   VALUES ('1_28_4_3', 'Rref');
INSERT INTO RR   VALUES ('1_28_4_3', 'bridge_invocation');
INSERT INTO N    VALUES ('1_28_4_4', '1_28_4', '1_28', '1_28_4_5', 'Leaf');
INSERT INTO LN   VALUES ('1_28_4_4', 'Term');
INSERT INTO T    VALUES ('1_28_4_4', 'ARG_ACTION', 'false');
INSERT INTO N    VALUES ('1_29', '1', '1_29', '1_30', 'Nonleaf');
INSERT INTO NLN  VALUES ('1_29', '1_29_1', 'Rule');
INSERT INTO R    VALUES ('1_29', 'send_statement');
INSERT INTO N    VALUES ('1_29_1', '1_29', '1_29', '1_29_2', 'Leaf');
INSERT INTO LN   VALUES ('1_29_1', 'Term');
INSERT INTO T    VALUES ('1_29_1', 'COLON', ':');
INSERT INTO N    VALUES ('1_29_2', '1_29', '1_29', '1_29_3', 'Leaf');
INSERT INTO LN   VALUES ('1_29_2', 'Term');
INSERT INTO T    VALUES ('1_29_2', 'STRING_LITERAL', 'send');
INSERT INTO N    VALUES ('1_29_3', '1_29', '1_29', '1_29_4', 'Leaf');
INSERT INTO LN   VALUES ('1_29_3', 'Term');
INSERT INTO T    VALUES ('1_29_3', 'BANG', '!');
INSERT INTO N    VALUES ('1_29_4', '1_29', '1_29', '1_29_5', 'Nonleaf');
INSERT INTO NLN  VALUES ('1_29_4', '1_29_4_1', 'Ebnf');
INSERT INTO EBNF VALUES ('1_29_4', '');
INSERT INTO N    VALUES ('1_29_4_1', '1_29_4', '1_29', '1_29_4_2', 'Nonleaf');
INSERT INTO NLN  VALUES ('1_29_4_1', '1_29_4_1_1', 'Ebnf');
INSERT INTO EBNF VALUES ('1_29_4_1', '');
INSERT INTO N    VALUES ('1_29_4_1_1', '1_29_4_1', '1_29', '1_29_4_1_2', 'Nonleaf');
INSERT INTO NLN  VALUES ('1_29_4_1_1', '1_29_4_1_1_1', 'Ebnf');
INSERT INTO EBNF VALUES ('1_29_4_1_1', '');
INSERT INTO N    VALUES ('1_29_4_1_1_1', '1_29_4_1_1', '1_29', '1_29_4_1_1_2', 'Leaf');
INSERT INTO LN   VALUES ('1_29_4_1_1_1', 'Rref');
INSERT INTO RR   VALUES ('1_29_4_1_1_1', 'member_access');
INSERT INTO N    VALUES ('1_29_4_1_1_2', '1_29_4_1_1', '1_29', '1_29_4_1_1_3', 'Leaf');
INSERT INTO LN   VALUES ('1_29_4_1_1_2', 'Term');
INSERT INTO T    VALUES ('1_29_4_1_1_2', 'ARG_ACTION', 'true');
INSERT INTO N    VALUES ('1_29_4_1_1_3', '1_29_4_1_1', '1_29', '1_29_4_1_1_4', 'Leaf');
INSERT INTO LN   VALUES ('1_29_4_1_1_3', 'Term');
INSERT INTO T    VALUES ('1_29_4_1_1_3', 'OR', '|');
INSERT INTO N    VALUES ('1_29_4_1_1_4', '1_29_4_1_1', '1_29', '1_29_4_1_1_5', 'Leaf');
INSERT INTO LN   VALUES ('1_29_4_1_1_4', 'Rref');
INSERT INTO RR   VALUES ('1_29_4_1_1_4', 'param_data_access');
INSERT INTO N    VALUES ('1_29_4_1_1_5', '1_29_4_1_1', '1_29', '1_29_4_1_1_6', 'Leaf');
INSERT INTO LN   VALUES ('1_29_4_1_1_5', 'Term');
INSERT INTO T    VALUES ('1_29_4_1_1_5', 'ARG_ACTION', 'true');
INSERT INTO N    VALUES ('1_29_4_1_2', '1_29_4_1', '1_29', '1_29_4_1_3', 'Leaf');
INSERT INTO LN   VALUES ('1_29_4_1_2', 'Term');
INSERT INTO T    VALUES ('1_29_4_1_2', 'TOKEN_REF', 'TOK_EQUAL');
INSERT INTO N    VALUES ('1_29_4_1_3', '1_29_4_1', '1_29', '1_29_4_1_4', 'Leaf');
INSERT INTO LN   VALUES ('1_29_4_1_3', 'Term');
INSERT INTO T    VALUES ('1_29_4_1_3', 'BANG', '!');
INSERT INTO N    VALUES ('1_29_4_1_4', '1_29_4_1', '1_29', '1_29_4_1_5', 'Leaf');
INSERT INTO LN   VALUES ('1_29_4_1_4', 'Rref');
INSERT INTO RR   VALUES ('1_29_4_1_4', 'message_invocation');
INSERT INTO N    VALUES ('1_29_4_1_5', '1_29_4_1', '1_29', '1_29_4_1_6', 'Leaf');
INSERT INTO LN   VALUES ('1_29_4_1_5', 'Term');
INSERT INTO T    VALUES ('1_29_4_1_5', 'ARG_ACTION', 'true');
INSERT INTO N    VALUES ('1_29_4_2', '1_29_4', '1_29', '1_29_4_3', 'Leaf');
INSERT INTO LN   VALUES ('1_29_4_2', 'Term');
INSERT INTO T    VALUES ('1_29_4_2', 'OR', '|');
INSERT INTO N    VALUES ('1_29_4_3', '1_29_4', '1_29', '1_29_4_4', 'Leaf');
INSERT INTO LN   VALUES ('1_29_4_3', 'Rref');
INSERT INTO RR   VALUES ('1_29_4_3', 'message_invocation');
INSERT INTO N    VALUES ('1_29_4_4', '1_29_4', '1_29', '1_29_4_5', 'Leaf');
INSERT INTO LN   VALUES ('1_29_4_4', 'Term');
INSERT INTO T    VALUES ('1_29_4_4', 'ARG_ACTION', 'false');
INSERT INTO N    VALUES ('1_30', '1', '1_30', '1_31', 'Nonleaf');
INSERT INTO NLN  VALUES ('1_30', '1_30_1', 'Rule');
INSERT INTO R    VALUES ('1_30', 'control_statement');
INSERT INTO N    VALUES ('1_30_1', '1_30', '1_30', '1_30_2', 'Leaf');
INSERT INTO LN   VALUES ('1_30_1', 'Term');
INSERT INTO T    VALUES ('1_30_1', 'COLON', ':');
INSERT INTO N    VALUES ('1_30_2', '1_30', '1_30', '1_30_3', 'Leaf');
INSERT INTO LN   VALUES ('1_30_2', 'Term');
INSERT INTO T    VALUES ('1_30_2', 'STRING_LITERAL', 'control');
INSERT INTO N    VALUES ('1_30_3', '1_30', '1_30', '1_30_4', 'Leaf');
INSERT INTO LN   VALUES ('1_30_3', 'Term');
INSERT INTO T    VALUES ('1_30_3', 'BANG', '!');
INSERT INTO N    VALUES ('1_30_4', '1_30', '1_30', '1_30_5', 'Leaf');
INSERT INTO LN   VALUES ('1_30_4', 'Term');
INSERT INTO T    VALUES ('1_30_4', 'STRING_LITERAL', 'stop');
INSERT INTO N    VALUES ('1_30_5', '1_30', '1_30', '1_30_6', 'Leaf');
INSERT INTO LN   VALUES ('1_30_5', 'Term');
INSERT INTO T    VALUES ('1_30_5', 'BANG', '!');
INSERT INTO N    VALUES ('1_31', '1', '1_31', '1_32', 'Nonleaf');
INSERT INTO NLN  VALUES ('1_31', '1_31_1', 'Rule');
INSERT INTO R    VALUES ('1_31', 'continue_statement');
INSERT INTO N    VALUES ('1_31_1', '1_31', '1_31', '1_31_2', 'Leaf');
INSERT INTO LN   VALUES ('1_31_1', 'Term');
INSERT INTO T    VALUES ('1_31_1', 'COLON', ':');
INSERT INTO N    VALUES ('1_31_2', '1_31', '1_31', '1_31_3', 'Leaf');
INSERT INTO LN   VALUES ('1_31_2', 'Term');
INSERT INTO T    VALUES ('1_31_2', 'STRING_LITERAL', 'continue');
INSERT INTO N    VALUES ('1_31_3', '1_31', '1_31', '1_31_4', 'Leaf');
INSERT INTO LN   VALUES ('1_31_3', 'Term');
INSERT INTO T    VALUES ('1_31_3', 'BANG', '!');
INSERT INTO N    VALUES ('1_32', '1', '1_32', '1_33', 'Nonleaf');
INSERT INTO NLN  VALUES ('1_32', '1_32_1', 'Rule');
INSERT INTO R    VALUES ('1_32', 'create_event_statement');
INSERT INTO N    VALUES ('1_32_1', '1_32', '1_32', '1_32_2', 'Leaf');
INSERT INTO LN   VALUES ('1_32_1', 'Term');
INSERT INTO T    VALUES ('1_32_1', 'COLON', ':');
INSERT INTO N    VALUES ('1_32_2', '1_32', '1_32', '1_32_3', 'Leaf');
INSERT INTO LN   VALUES ('1_32_2', 'Term');
INSERT INTO T    VALUES ('1_32_2', 'STRING_LITERAL', 'create');
INSERT INTO N    VALUES ('1_32_3', '1_32', '1_32', '1_32_4', 'Leaf');
INSERT INTO LN   VALUES ('1_32_3', 'Term');
INSERT INTO T    VALUES ('1_32_3', 'BANG', '!');
INSERT INTO N    VALUES ('1_32_4', '1_32', '1_32', '1_32_5', 'Leaf');
INSERT INTO LN   VALUES ('1_32_4', 'Term');
INSERT INTO T    VALUES ('1_32_4', 'STRING_LITERAL', 'event');
INSERT INTO N    VALUES ('1_32_5', '1_32', '1_32', '1_32_6', 'Leaf');
INSERT INTO LN   VALUES ('1_32_5', 'Term');
INSERT INTO T    VALUES ('1_32_5', 'BANG', '!');
INSERT INTO N    VALUES ('1_32_6', '1_32', '1_32', '1_32_7', 'Leaf');
INSERT INTO LN   VALUES ('1_32_6', 'Term');
INSERT INTO T    VALUES ('1_32_6', 'STRING_LITERAL', 'instance');
INSERT INTO N    VALUES ('1_32_7', '1_32', '1_32', '1_32_8', 'Leaf');
INSERT INTO LN   VALUES ('1_32_7', 'Term');
INSERT INTO T    VALUES ('1_32_7', 'BANG', '!');
INSERT INTO N    VALUES ('1_32_8', '1_32', '1_32', '1_32_9', 'Leaf');
INSERT INTO LN   VALUES ('1_32_8', 'Rref');
INSERT INTO RR   VALUES ('1_32_8', 'local_variable');
INSERT INTO N    VALUES ('1_32_9', '1_32', '1_32', '1_32_10', 'Leaf');
INSERT INTO LN   VALUES ('1_32_9', 'Term');
INSERT INTO T    VALUES ('1_32_9', 'ARG_ACTION', 'true');
INSERT INTO N    VALUES ('1_32_10', '1_32', '1_32', '1_32_11', 'Leaf');
INSERT INTO LN   VALUES ('1_32_10', 'Term');
INSERT INTO T    VALUES ('1_32_10', 'STRING_LITERAL', 'of');
INSERT INTO N    VALUES ('1_32_11', '1_32', '1_32', '1_32_12', 'Leaf');
INSERT INTO LN   VALUES ('1_32_11', 'Term');
INSERT INTO T    VALUES ('1_32_11', 'BANG', '!');
INSERT INTO N    VALUES ('1_32_12', '1_32', '1_32', '1_32_13', 'Leaf');
INSERT INTO LN   VALUES ('1_32_12', 'Rref');
INSERT INTO RR   VALUES ('1_32_12', 'event_spec');
INSERT INTO N    VALUES ('1_33', '1', '1_33', '1_34', 'Nonleaf');
INSERT INTO NLN  VALUES ('1_33', '1_33_1', 'Rule');
INSERT INTO R    VALUES ('1_33', 'create_object_statement');
INSERT INTO N    VALUES ('1_33_1', '1_33', '1_33', '1_33_2', 'Leaf');
INSERT INTO LN   VALUES ('1_33_1', 'Term');
INSERT INTO T    VALUES ('1_33_1', 'COLON', ':');
INSERT INTO N    VALUES ('1_33_2', '1_33', '1_33', '1_33_3', 'Leaf');
INSERT INTO LN   VALUES ('1_33_2', 'Term');
INSERT INTO T    VALUES ('1_33_2', 'STRING_LITERAL', 'create');
INSERT INTO N    VALUES ('1_33_3', '1_33', '1_33', '1_33_4', 'Leaf');
INSERT INTO LN   VALUES ('1_33_3', 'Term');
INSERT INTO T    VALUES ('1_33_3', 'BANG', '!');
INSERT INTO N    VALUES ('1_33_4', '1_33', '1_33', '1_33_5', 'Leaf');
INSERT INTO LN   VALUES ('1_33_4', 'Term');
INSERT INTO T    VALUES ('1_33_4', 'STRING_LITERAL', 'object');
INSERT INTO N    VALUES ('1_33_5', '1_33', '1_33', '1_33_6', 'Leaf');
INSERT INTO LN   VALUES ('1_33_5', 'Term');
INSERT INTO T    VALUES ('1_33_5', 'BANG', '!');
INSERT INTO N    VALUES ('1_33_6', '1_33', '1_33', '1_33_7', 'Leaf');
INSERT INTO LN   VALUES ('1_33_6', 'Term');
INSERT INTO T    VALUES ('1_33_6', 'STRING_LITERAL', 'instance');
INSERT INTO N    VALUES ('1_33_7', '1_33', '1_33', '1_33_8', 'Leaf');
INSERT INTO LN   VALUES ('1_33_7', 'Term');
INSERT INTO T    VALUES ('1_33_7', 'BANG', '!');
INSERT INTO N    VALUES ('1_33_8', '1_33', '1_33', '1_33_9', 'Nonleaf');
INSERT INTO NLN  VALUES ('1_33_8', '1_33_8_1', 'Ebnf');
INSERT INTO EBNF VALUES ('1_33_8', '?');
INSERT INTO N    VALUES ('1_33_8_1', '1_33_8', '1_33', '1_33_8_2', 'Nonleaf');
INSERT INTO NLN  VALUES ('1_33_8_1', '1_33_8_1_1', 'Ebnf');
INSERT INTO EBNF VALUES ('1_33_8_1', '=>');
INSERT INTO N    VALUES ('1_33_8_1_1', '1_33_8_1', '1_33', '1_33_8_1_2', 'Leaf');
INSERT INTO LN   VALUES ('1_33_8_1_1', 'Rref');
INSERT INTO RR   VALUES ('1_33_8_1_1', 'local_variable');
INSERT INTO N    VALUES ('1_33_8_1_2', '1_33_8_1', '1_33', '1_33_8_1_3', 'Leaf');
INSERT INTO LN   VALUES ('1_33_8_1_2', 'Term');
INSERT INTO T    VALUES ('1_33_8_1_2', 'ARG_ACTION', 'true');
INSERT INTO N    VALUES ('1_33_8_1_3', '1_33_8_1', '1_33', '1_33_8_1_4', 'Leaf');
INSERT INTO LN   VALUES ('1_33_8_1_3', 'Term');
INSERT INTO T    VALUES ('1_33_8_1_3', 'STRING_LITERAL', 'of');
INSERT INTO N    VALUES ('1_33_8_2', '1_33_8', '1_33', '1_33_8_3', 'Leaf');
INSERT INTO LN   VALUES ('1_33_8_2', 'Rref');
INSERT INTO RR   VALUES ('1_33_8_2', 'local_variable');
INSERT INTO N    VALUES ('1_33_8_3', '1_33_8', '1_33', '1_33_8_4', 'Leaf');
INSERT INTO LN   VALUES ('1_33_8_3', 'Term');
INSERT INTO T    VALUES ('1_33_8_3', 'ARG_ACTION', 'true');
INSERT INTO N    VALUES ('1_33_9', '1_33', '1_33', '1_33_10', 'Leaf');
INSERT INTO LN   VALUES ('1_33_9', 'Term');
INSERT INTO T    VALUES ('1_33_9', 'STRING_LITERAL', 'of');
INSERT INTO N    VALUES ('1_33_10', '1_33', '1_33', '1_33_11', 'Leaf');
INSERT INTO LN   VALUES ('1_33_10', 'Term');
INSERT INTO T    VALUES ('1_33_10', 'BANG', '!');
INSERT INTO N    VALUES ('1_33_11', '1_33', '1_33', '1_33_12', 'Leaf');
INSERT INTO LN   VALUES ('1_33_11', 'Rref');
INSERT INTO RR   VALUES ('1_33_11', 'object_keyletters');
INSERT INTO N    VALUES ('1_34', '1', '1_34', '1_35', 'Nonleaf');
INSERT INTO NLN  VALUES ('1_34', '1_34_1', 'Rule');
INSERT INTO R    VALUES ('1_34', 'debug_statement');
INSERT INTO N    VALUES ('1_34_1', '1_34', '1_34', '1_34_2', 'Leaf');
INSERT INTO LN   VALUES ('1_34_1', 'Term');
INSERT INTO T    VALUES ('1_34_1', 'COLON', ':');
INSERT INTO N    VALUES ('1_34_2', '1_34', '1_34', '1_34_3', 'Leaf');
INSERT INTO LN   VALUES ('1_34_2', 'Term');
INSERT INTO T    VALUES ('1_34_2', 'STRING_LITERAL', '_debug');
INSERT INTO N    VALUES ('1_34_3', '1_34', '1_34', '1_34_4', 'Leaf');
INSERT INTO LN   VALUES ('1_34_3', 'Term');
INSERT INTO T    VALUES ('1_34_3', 'BANG', '!');
INSERT INTO N    VALUES ('1_34_4', '1_34', '1_34', '1_34_5', 'Nonleaf');
INSERT INTO NLN  VALUES ('1_34_4', '1_34_4_1', 'Ebnf');
INSERT INTO EBNF VALUES ('1_34_4', '');
INSERT INTO N    VALUES ('1_34_4_1', '1_34_4', '1_34', '1_34_4_2', 'Nonleaf');
INSERT INTO NLN  VALUES ('1_34_4_1', '1_34_4_1_1', 'Ebnf');
INSERT INTO EBNF VALUES ('1_34_4_1', '+');
INSERT INTO N    VALUES ('1_34_4_1_1', '1_34_4_1', '1_34', '1_34_4_1_2', 'Leaf');
INSERT INTO LN   VALUES ('1_34_4_1_1', 'Rref');
INSERT INTO RR   VALUES ('1_34_4_1_1', 'debug_operand');
INSERT INTO N    VALUES ('1_34_4_2', '1_34_4', '1_34', '1_34_4_3', 'Leaf');
INSERT INTO LN   VALUES ('1_34_4_2', 'Term');
INSERT INTO T    VALUES ('1_34_4_2', 'OR', '|');
INSERT INTO N    VALUES ('1_35', '1', '1_35', '1_36', 'Nonleaf');
INSERT INTO NLN  VALUES ('1_35', '1_35_1', 'Rule');
INSERT INTO R    VALUES ('1_35', 'delete_statement');
INSERT INTO N    VALUES ('1_35_1', '1_35', '1_35', '1_35_2', 'Leaf');
INSERT INTO LN   VALUES ('1_35_1', 'Term');
INSERT INTO T    VALUES ('1_35_1', 'COLON', ':');
INSERT INTO N    VALUES ('1_35_2', '1_35', '1_35', '1_35_3', 'Leaf');
INSERT INTO LN   VALUES ('1_35_2', 'Term');
INSERT INTO T    VALUES ('1_35_2', 'STRING_LITERAL', 'delete');
INSERT INTO N    VALUES ('1_35_3', '1_35', '1_35', '1_35_4', 'Leaf');
INSERT INTO LN   VALUES ('1_35_3', 'Term');
INSERT INTO T    VALUES ('1_35_3', 'BANG', '!');
INSERT INTO N    VALUES ('1_35_4', '1_35', '1_35', '1_35_5', 'Leaf');
INSERT INTO LN   VALUES ('1_35_4', 'Term');
INSERT INTO T    VALUES ('1_35_4', 'STRING_LITERAL', 'object');
INSERT INTO N    VALUES ('1_35_5', '1_35', '1_35', '1_35_6', 'Leaf');
INSERT INTO LN   VALUES ('1_35_5', 'Term');
INSERT INTO T    VALUES ('1_35_5', 'BANG', '!');
INSERT INTO N    VALUES ('1_35_6', '1_35', '1_35', '1_35_7', 'Leaf');
INSERT INTO LN   VALUES ('1_35_6', 'Term');
INSERT INTO T    VALUES ('1_35_6', 'STRING_LITERAL', 'instance');
INSERT INTO N    VALUES ('1_35_7', '1_35', '1_35', '1_35_8', 'Leaf');
INSERT INTO LN   VALUES ('1_35_7', 'Term');
INSERT INTO T    VALUES ('1_35_7', 'BANG', '!');
INSERT INTO N    VALUES ('1_35_8', '1_35', '1_35', '1_35_9', 'Leaf');
INSERT INTO LN   VALUES ('1_35_8', 'Rref');
INSERT INTO RR   VALUES ('1_35_8', 'inst_ref_var');
INSERT INTO N    VALUES ('1_36', '1', '1_36', '1_37', 'Nonleaf');
INSERT INTO NLN  VALUES ('1_36', '1_36_1', 'Rule');
INSERT INTO R    VALUES ('1_36', 'empty_statement');
INSERT INTO N    VALUES ('1_36_1', '1_36', '1_36', '1_36_2', 'Leaf');
INSERT INTO LN   VALUES ('1_36_1', 'Term');
INSERT INTO T    VALUES ('1_36_1', 'COLON', ':');
INSERT INTO N    VALUES ('1_37', '1', '1_37', '1_38', 'Nonleaf');
INSERT INTO NLN  VALUES ('1_37', '1_37_1', 'Rule');
INSERT INTO R    VALUES ('1_37', 'for_statement');
INSERT INTO N    VALUES ('1_37_1', '1_37', '1_37', '1_37_2', 'Leaf');
INSERT INTO LN   VALUES ('1_37_1', 'Term');
INSERT INTO T    VALUES ('1_37_1', 'COLON', ':');
INSERT INTO N    VALUES ('1_37_2', '1_37', '1_37', '1_37_3', 'Leaf');
INSERT INTO LN   VALUES ('1_37_2', 'Term');
INSERT INTO T    VALUES ('1_37_2', 'STRING_LITERAL', 'for');
INSERT INTO N    VALUES ('1_37_3', '1_37', '1_37', '1_37_4', 'Leaf');
INSERT INTO LN   VALUES ('1_37_3', 'Term');
INSERT INTO T    VALUES ('1_37_3', 'BANG', '!');
INSERT INTO N    VALUES ('1_37_4', '1_37', '1_37', '1_37_5', 'Leaf');
INSERT INTO LN   VALUES ('1_37_4', 'Term');
INSERT INTO T    VALUES ('1_37_4', 'STRING_LITERAL', 'each');
INSERT INTO N    VALUES ('1_37_5', '1_37', '1_37', '1_37_6', 'Leaf');
INSERT INTO LN   VALUES ('1_37_5', 'Term');
INSERT INTO T    VALUES ('1_37_5', 'BANG', '!');
INSERT INTO N    VALUES ('1_37_6', '1_37', '1_37', '1_37_7', 'Leaf');
INSERT INTO LN   VALUES ('1_37_6', 'Rref');
INSERT INTO RR   VALUES ('1_37_6', 'local_variable');
INSERT INTO N    VALUES ('1_37_7', '1_37', '1_37', '1_37_8', 'Leaf');
INSERT INTO LN   VALUES ('1_37_7', 'Term');
INSERT INTO T    VALUES ('1_37_7', 'ARG_ACTION', 'true');
INSERT INTO N    VALUES ('1_37_8', '1_37', '1_37', '1_37_9', 'Leaf');
INSERT INTO LN   VALUES ('1_37_8', 'Term');
INSERT INTO T    VALUES ('1_37_8', 'STRING_LITERAL', 'in');
INSERT INTO N    VALUES ('1_37_9', '1_37', '1_37', '1_37_10', 'Leaf');
INSERT INTO LN   VALUES ('1_37_9', 'Term');
INSERT INTO T    VALUES ('1_37_9', 'BANG', '!');
INSERT INTO N    VALUES ('1_37_10', '1_37', '1_37', '1_37_11', 'Leaf');
INSERT INTO LN   VALUES ('1_37_10', 'Rref');
INSERT INTO RR   VALUES ('1_37_10', 'inst_ref_set_var');
INSERT INTO N    VALUES ('1_37_11', '1_37', '1_37', '1_37_12', 'Leaf');
INSERT INTO LN   VALUES ('1_37_11', 'Rref');
INSERT INTO RR   VALUES ('1_37_11', 'block');
INSERT INTO N    VALUES ('1_37_12', '1_37', '1_37', '1_37_13', 'Leaf');
INSERT INTO LN   VALUES ('1_37_12', 'Term');
INSERT INTO T    VALUES ('1_37_12', 'ARG_ACTION', 'false');
INSERT INTO N    VALUES ('1_37_13', '1_37', '1_37', '1_37_14', 'Leaf');
INSERT INTO LN   VALUES ('1_37_13', 'Term');
INSERT INTO T    VALUES ('1_37_13', 'STRING_LITERAL', 'end');
INSERT INTO N    VALUES ('1_37_14', '1_37', '1_37', '1_37_15', 'Leaf');
INSERT INTO LN   VALUES ('1_37_14', 'Term');
INSERT INTO T    VALUES ('1_37_14', 'BANG', '!');
INSERT INTO N    VALUES ('1_37_15', '1_37', '1_37', '1_37_16', 'Leaf');
INSERT INTO LN   VALUES ('1_37_15', 'Term');
INSERT INTO T    VALUES ('1_37_15', 'STRING_LITERAL', 'for');
INSERT INTO N    VALUES ('1_37_16', '1_37', '1_37', '1_37_17', 'Leaf');
INSERT INTO LN   VALUES ('1_37_16', 'Term');
INSERT INTO T    VALUES ('1_37_16', 'BANG', '!');
INSERT INTO N    VALUES ('1_38', '1', '1_38', '1_39', 'Nonleaf');
INSERT INTO NLN  VALUES ('1_38', '1_38_1', 'Rule');
INSERT INTO R    VALUES ('1_38', 'generate_statement');
INSERT INTO N    VALUES ('1_38_1', '1_38', '1_38', '1_38_2', 'Leaf');
INSERT INTO LN   VALUES ('1_38_1', 'Term');
INSERT INTO T    VALUES ('1_38_1', 'COLON', ':');
INSERT INTO N    VALUES ('1_38_2', '1_38', '1_38', '1_38_3', 'Leaf');
INSERT INTO LN   VALUES ('1_38_2', 'Term');
INSERT INTO T    VALUES ('1_38_2', 'STRING_LITERAL', 'generate');
INSERT INTO N    VALUES ('1_38_3', '1_38', '1_38', '1_38_4', 'Leaf');
INSERT INTO LN   VALUES ('1_38_3', 'Term');
INSERT INTO T    VALUES ('1_38_3', 'BANG', '!');
INSERT INTO N    VALUES ('1_38_4', '1_38', '1_38', '1_38_5', 'Nonleaf');
INSERT INTO NLN  VALUES ('1_38_4', '1_38_4_1', 'Ebnf');
INSERT INTO EBNF VALUES ('1_38_4', '');
INSERT INTO N    VALUES ('1_38_4_1', '1_38_4', '1_38', '1_38_4_2', 'Leaf');
INSERT INTO LN   VALUES ('1_38_4_1', 'Rref');
INSERT INTO RR   VALUES ('1_38_4_1', 'event_spec');
INSERT INTO N    VALUES ('1_38_4_2', '1_38_4', '1_38', '1_38_4_3', 'Leaf');
INSERT INTO LN   VALUES ('1_38_4_2', 'Term');
INSERT INTO T    VALUES ('1_38_4_2', 'OR', '|');
INSERT INTO N    VALUES ('1_38_4_3', '1_38_4', '1_38', '1_38_4_4', 'Leaf');
INSERT INTO LN   VALUES ('1_38_4_3', 'Rref');
INSERT INTO RR   VALUES ('1_38_4_3', 'member_access');
INSERT INTO N    VALUES ('1_38_4_4', '1_38_4', '1_38', '1_38_4_5', 'Leaf');
INSERT INTO LN   VALUES ('1_38_4_4', 'Term');
INSERT INTO T    VALUES ('1_38_4_4', 'ARG_ACTION', 'false');
INSERT INTO N    VALUES ('1_39', '1', '1_39', '1_40', 'Nonleaf');
INSERT INTO NLN  VALUES ('1_39', '1_39_1', 'Rule');
INSERT INTO R    VALUES ('1_39', 'if_statement');
INSERT INTO N    VALUES ('1_39_1', '1_39', '1_39', '1_39_2', 'Leaf');
INSERT INTO LN   VALUES ('1_39_1', 'Term');
INSERT INTO T    VALUES ('1_39_1', 'COLON', ':');
INSERT INTO N    VALUES ('1_39_2', '1_39', '1_39', '1_39_3', 'Leaf');
INSERT INTO LN   VALUES ('1_39_2', 'Term');
INSERT INTO T    VALUES ('1_39_2', 'STRING_LITERAL', 'if');
INSERT INTO N    VALUES ('1_39_3', '1_39', '1_39', '1_39_4', 'Leaf');
INSERT INTO LN   VALUES ('1_39_3', 'Term');
INSERT INTO T    VALUES ('1_39_3', 'BANG', '!');
INSERT INTO N    VALUES ('1_39_4', '1_39', '1_39', '1_39_5', 'Leaf');
INSERT INTO LN   VALUES ('1_39_4', 'Term');
INSERT INTO T    VALUES ('1_39_4', 'ACTION', ' ifStatementRemember(upperRule_iD, rule_begin_id); ');
INSERT INTO N    VALUES ('1_39_5', '1_39', '1_39', '1_39_6', 'Leaf');
INSERT INTO LN   VALUES ('1_39_5', 'Rref');
INSERT INTO RR   VALUES ('1_39_5', 'expr');
INSERT INTO N    VALUES ('1_39_6', '1_39', '1_39', '1_39_7', 'Leaf');
INSERT INTO LN   VALUES ('1_39_6', 'Rref');
INSERT INTO RR   VALUES ('1_39_6', 'block');
INSERT INTO N    VALUES ('1_39_7', '1_39', '1_39', '1_39_8', 'Leaf');
INSERT INTO LN   VALUES ('1_39_7', 'Term');
INSERT INTO T    VALUES ('1_39_7', 'ARG_ACTION', 'false');
INSERT INTO N    VALUES ('1_39_8', '1_39', '1_39', '1_39_9', 'Nonleaf');
INSERT INTO NLN  VALUES ('1_39_8', '1_39_8_1', 'Ebnf');
INSERT INTO EBNF VALUES ('1_39_8', '?');
INSERT INTO N    VALUES ('1_39_8_1', '1_39_8', '1_39', '1_39_8_2', 'Nonleaf');
INSERT INTO NLN  VALUES ('1_39_8_1', '1_39_8_1_1', 'Ebnf');
INSERT INTO EBNF VALUES ('1_39_8_1', '+');
INSERT INTO N    VALUES ('1_39_8_1_1', '1_39_8_1', '1_39', '1_39_8_1_2', 'Leaf');
INSERT INTO LN   VALUES ('1_39_8_1_1', 'Term');
INSERT INTO T    VALUES ('1_39_8_1_1', 'STRING_LITERAL', 'elif');
INSERT INTO N    VALUES ('1_39_8_1_2', '1_39_8_1', '1_39', '1_39_8_1_3', 'Leaf');
INSERT INTO LN   VALUES ('1_39_8_1_2', 'Term');
INSERT INTO T    VALUES ('1_39_8_1_2', 'BANG', '!');
INSERT INTO N    VALUES ('1_39_8_1_3', '1_39_8_1', '1_39', '1_39_8_1_4', 'Leaf');
INSERT INTO LN   VALUES ('1_39_8_1_3', 'Term');
INSERT INTO T    VALUES ('1_39_8_1_3', 'ACTION', ' rememberLocation(LT(0)); ');
INSERT INTO N    VALUES ('1_39_8_1_4', '1_39_8_1', '1_39', '1_39_8_1_5', 'Leaf');
INSERT INTO LN   VALUES ('1_39_8_1_4', 'Rref');
INSERT INTO RR   VALUES ('1_39_8_1_4', 'expr');
INSERT INTO N    VALUES ('1_39_8_1_5', '1_39_8_1', '1_39', '1_39_8_1_6', 'Leaf');
INSERT INTO LN   VALUES ('1_39_8_1_5', 'Rref');
INSERT INTO RR   VALUES ('1_39_8_1_5', 'block');
INSERT INTO N    VALUES ('1_39_8_1_6', '1_39_8_1', '1_39', '1_39_8_1_7', 'Leaf');
INSERT INTO LN   VALUES ('1_39_8_1_6', 'Term');
INSERT INTO T    VALUES ('1_39_8_1_6', 'ARG_ACTION', 'false');
INSERT INTO N    VALUES ('1_39_9', '1_39', '1_39', '1_39_10', 'Nonleaf');
INSERT INTO NLN  VALUES ('1_39_9', '1_39_9_1', 'Ebnf');
INSERT INTO EBNF VALUES ('1_39_9', '?');
INSERT INTO N    VALUES ('1_39_9_1', '1_39_9', '1_39', '1_39_9_2', 'Leaf');
INSERT INTO LN   VALUES ('1_39_9_1', 'Term');
INSERT INTO T    VALUES ('1_39_9_1', 'STRING_LITERAL', 'else');
INSERT INTO N    VALUES ('1_39_9_2', '1_39_9', '1_39', '1_39_9_3', 'Leaf');
INSERT INTO LN   VALUES ('1_39_9_2', 'Term');
INSERT INTO T    VALUES ('1_39_9_2', 'BANG', '!');
INSERT INTO N    VALUES ('1_39_9_3', '1_39_9', '1_39', '1_39_9_4', 'Leaf');
INSERT INTO LN   VALUES ('1_39_9_3', 'Term');
INSERT INTO T    VALUES ('1_39_9_3', 'ACTION', ' rememberLocation(LT(0)); ');
INSERT INTO N    VALUES ('1_39_9_4', '1_39_9', '1_39', '1_39_9_5', 'Leaf');
INSERT INTO LN   VALUES ('1_39_9_4', 'Rref');
INSERT INTO RR   VALUES ('1_39_9_4', 'block');
INSERT INTO N    VALUES ('1_39_9_5', '1_39_9', '1_39', '1_39_9_6', 'Leaf');
INSERT INTO LN   VALUES ('1_39_9_5', 'Term');
INSERT INTO T    VALUES ('1_39_9_5', 'ARG_ACTION', 'false');
INSERT INTO N    VALUES ('1_39_10', '1_39', '1_39', '1_39_11', 'Leaf');
INSERT INTO LN   VALUES ('1_39_10', 'Term');
INSERT INTO T    VALUES ('1_39_10', 'STRING_LITERAL', 'end');
INSERT INTO N    VALUES ('1_39_11', '1_39', '1_39', '1_39_12', 'Leaf');
INSERT INTO LN   VALUES ('1_39_11', 'Term');
INSERT INTO T    VALUES ('1_39_11', 'BANG', '!');
INSERT INTO N    VALUES ('1_39_12', '1_39', '1_39', '1_39_13', 'Leaf');
INSERT INTO LN   VALUES ('1_39_12', 'Term');
INSERT INTO T    VALUES ('1_39_12', 'STRING_LITERAL', 'if');
INSERT INTO N    VALUES ('1_39_13', '1_39', '1_39', '1_39_14', 'Leaf');
INSERT INTO LN   VALUES ('1_39_13', 'Term');
INSERT INTO T    VALUES ('1_39_13', 'BANG', '!');
INSERT INTO N    VALUES ('1_40', '1', '1_40', '1_41', 'Nonleaf');
INSERT INTO NLN  VALUES ('1_40', '1_40_1', 'Rule');
INSERT INTO R    VALUES ('1_40', 'implicit_assignment_statement');
INSERT INTO N    VALUES ('1_40_1', '1_40', '1_40', '1_40_2', 'Leaf');
INSERT INTO LN   VALUES ('1_40_1', 'Term');
INSERT INTO T    VALUES ('1_40_1', 'COLON', ':');
INSERT INTO N    VALUES ('1_40_2', '1_40', '1_40', '1_40_3', 'Leaf');
INSERT INTO LN   VALUES ('1_40_2', 'Rref');
INSERT INTO RR   VALUES ('1_40_2', 'assignment_expr');
INSERT INTO N    VALUES ('1_41', '1', '1_41', '1_42', 'Nonleaf');
INSERT INTO NLN  VALUES ('1_41', '1_41_1', 'Rule');
INSERT INTO R    VALUES ('1_41', 'implicit_invocation_statement');
INSERT INTO N    VALUES ('1_41_1', '1_41', '1_41', '1_41_2', 'Leaf');
INSERT INTO LN   VALUES ('1_41_1', 'Term');
INSERT INTO T    VALUES ('1_41_1', 'COLON', ':');
INSERT INTO N    VALUES ('1_41_2', '1_41', '1_41', '1_41_3', 'Leaf');
INSERT INTO LN   VALUES ('1_41_2', 'Rref');
INSERT INTO RR   VALUES ('1_41_2', 'invocation');
INSERT INTO N    VALUES ('1_41_3', '1_41', '1_41', '1_41_4', 'Leaf');
INSERT INTO LN   VALUES ('1_41_3', 'Term');
INSERT INTO T    VALUES ('1_41_3', 'ARG_ACTION', 'false');
INSERT INTO N    VALUES ('1_42', '1', '1_42', '1_43', 'Nonleaf');
INSERT INTO NLN  VALUES ('1_42', '1_42_1', 'Rule');
INSERT INTO R    VALUES ('1_42', 'implicit_ib_transform_statement');
INSERT INTO N    VALUES ('1_42_1', '1_42', '1_42', '1_42_2', 'Leaf');
INSERT INTO LN   VALUES ('1_42_1', 'Term');
INSERT INTO T    VALUES ('1_42_1', 'COLON', ':');
INSERT INTO N    VALUES ('1_42_2', '1_42', '1_42', '1_42_3', 'Leaf');
INSERT INTO LN   VALUES ('1_42_2', 'Rref');
INSERT INTO RR   VALUES ('1_42_2', 'transform_ib_invocation');
INSERT INTO N    VALUES ('1_42_3', '1_42', '1_42', '1_42_4', 'Leaf');
INSERT INTO LN   VALUES ('1_42_3', 'Term');
INSERT INTO T    VALUES ('1_42_3', 'ARG_ACTION', 'false');
INSERT INTO N    VALUES ('1_43', '1', '1_43', '1_44', 'Nonleaf');
INSERT INTO NLN  VALUES ('1_43', '1_43_1', 'Rule');
INSERT INTO R    VALUES ('1_43', 'relate_statement');
INSERT INTO N    VALUES ('1_43_1', '1_43', '1_43', '1_43_2', 'Leaf');
INSERT INTO LN   VALUES ('1_43_1', 'Term');
INSERT INTO T    VALUES ('1_43_1', 'COLON', ':');
INSERT INTO N    VALUES ('1_43_2', '1_43', '1_43', '1_43_3', 'Leaf');
INSERT INTO LN   VALUES ('1_43_2', 'Term');
INSERT INTO T    VALUES ('1_43_2', 'STRING_LITERAL', 'relate');
INSERT INTO N    VALUES ('1_43_3', '1_43', '1_43', '1_43_4', 'Leaf');
INSERT INTO LN   VALUES ('1_43_3', 'Term');
INSERT INTO T    VALUES ('1_43_3', 'BANG', '!');
INSERT INTO N    VALUES ('1_43_4', '1_43', '1_43', '1_43_5', 'Leaf');
INSERT INTO LN   VALUES ('1_43_4', 'Rref');
INSERT INTO RR   VALUES ('1_43_4', 'inst_ref_var');
INSERT INTO N    VALUES ('1_43_5', '1_43', '1_43', '1_43_6', 'Leaf');
INSERT INTO LN   VALUES ('1_43_5', 'Term');
INSERT INTO T    VALUES ('1_43_5', 'STRING_LITERAL', 'to');
INSERT INTO N    VALUES ('1_43_6', '1_43', '1_43', '1_43_7', 'Leaf');
INSERT INTO LN   VALUES ('1_43_6', 'Term');
INSERT INTO T    VALUES ('1_43_6', 'BANG', '!');
INSERT INTO N    VALUES ('1_43_7', '1_43', '1_43', '1_43_8', 'Leaf');
INSERT INTO LN   VALUES ('1_43_7', 'Rref');
INSERT INTO RR   VALUES ('1_43_7', 'inst_ref_var');
INSERT INTO N    VALUES ('1_43_8', '1_43', '1_43', '1_43_9', 'Leaf');
INSERT INTO LN   VALUES ('1_43_8', 'Term');
INSERT INTO T    VALUES ('1_43_8', 'STRING_LITERAL', 'across');
INSERT INTO N    VALUES ('1_43_9', '1_43', '1_43', '1_43_10', 'Leaf');
INSERT INTO LN   VALUES ('1_43_9', 'Term');
INSERT INTO T    VALUES ('1_43_9', 'BANG', '!');
INSERT INTO N    VALUES ('1_43_10', '1_43', '1_43', '1_43_11', 'Leaf');
INSERT INTO LN   VALUES ('1_43_10', 'Rref');
INSERT INTO RR   VALUES ('1_43_10', 'relationship');
INSERT INTO N    VALUES ('1_43_11', '1_43', '1_43', '1_43_12', 'Nonleaf');
INSERT INTO NLN  VALUES ('1_43_11', '1_43_11_1', 'Ebnf');
INSERT INTO EBNF VALUES ('1_43_11', '?');
INSERT INTO N    VALUES ('1_43_11_1', '1_43_11', '1_43', '1_43_11_2', 'Leaf');
INSERT INTO LN   VALUES ('1_43_11_1', 'Term');
INSERT INTO T    VALUES ('1_43_11_1', 'TOKEN_REF', 'TOK_DOT');
INSERT INTO N    VALUES ('1_43_11_2', '1_43_11', '1_43', '1_43_11_3', 'Leaf');
INSERT INTO LN   VALUES ('1_43_11_2', 'Term');
INSERT INTO T    VALUES ('1_43_11_2', 'BANG', '!');
INSERT INTO N    VALUES ('1_43_11_3', '1_43_11', '1_43', '1_43_11_4', 'Leaf');
INSERT INTO LN   VALUES ('1_43_11_3', 'Rref');
INSERT INTO RR   VALUES ('1_43_11_3', 'phrase');
INSERT INTO N    VALUES ('1_43_12', '1_43', '1_43', '1_43_13', 'Nonleaf');
INSERT INTO NLN  VALUES ('1_43_12', '1_43_12_1', 'Ebnf');
INSERT INTO EBNF VALUES ('1_43_12', '?');
INSERT INTO N    VALUES ('1_43_12_1', '1_43_12', '1_43', '1_43_12_2', 'Leaf');
INSERT INTO LN   VALUES ('1_43_12_1', 'Term');
INSERT INTO T    VALUES ('1_43_12_1', 'STRING_LITERAL', 'using');
INSERT INTO N    VALUES ('1_43_12_2', '1_43_12', '1_43', '1_43_12_3', 'Leaf');
INSERT INTO LN   VALUES ('1_43_12_2', 'Term');
INSERT INTO T    VALUES ('1_43_12_2', 'BANG', '!');
INSERT INTO N    VALUES ('1_43_12_3', '1_43_12', '1_43', '1_43_12_4', 'Leaf');
INSERT INTO LN   VALUES ('1_43_12_3', 'Rref');
INSERT INTO RR   VALUES ('1_43_12_3', 'assoc_obj_inst_ref_var');
INSERT INTO N    VALUES ('1_44', '1', '1_44', '1_45', 'Nonleaf');
INSERT INTO NLN  VALUES ('1_44', '1_44_1', 'Rule');
INSERT INTO R    VALUES ('1_44', 'return_statement');
INSERT INTO N    VALUES ('1_44_1', '1_44', '1_44', '1_44_2', 'Leaf');
INSERT INTO LN   VALUES ('1_44_1', 'Term');
INSERT INTO T    VALUES ('1_44_1', 'COLON', ':');
INSERT INTO N    VALUES ('1_44_2', '1_44', '1_44', '1_44_3', 'Leaf');
INSERT INTO LN   VALUES ('1_44_2', 'Term');
INSERT INTO T    VALUES ('1_44_2', 'STRING_LITERAL', 'return');
INSERT INTO N    VALUES ('1_44_3', '1_44', '1_44', '1_44_4', 'Leaf');
INSERT INTO LN   VALUES ('1_44_3', 'Term');
INSERT INTO T    VALUES ('1_44_3', 'BANG', '!');
INSERT INTO N    VALUES ('1_44_4', '1_44', '1_44', '1_44_5', 'Nonleaf');
INSERT INTO NLN  VALUES ('1_44_4', '1_44_4_1', 'Ebnf');
INSERT INTO EBNF VALUES ('1_44_4', '?');
INSERT INTO N    VALUES ('1_44_4_1', '1_44_4', '1_44', '1_44_4_2', 'Leaf');
INSERT INTO LN   VALUES ('1_44_4_1', 'Rref');
INSERT INTO RR   VALUES ('1_44_4_1', 'expr');
INSERT INTO N    VALUES ('1_45', '1', '1_45', '1_46', 'Nonleaf');
INSERT INTO NLN  VALUES ('1_45', '1_45_1', 'Rule');
INSERT INTO R    VALUES ('1_45', 'select_statement');
INSERT INTO N    VALUES ('1_45_1', '1_45', '1_45', '1_45_2', 'Leaf');
INSERT INTO LN   VALUES ('1_45_1', 'Term');
INSERT INTO T    VALUES ('1_45_1', 'COLON', ':');
INSERT INTO N    VALUES ('1_45_2', '1_45', '1_45', '1_45_3', 'Leaf');
INSERT INTO LN   VALUES ('1_45_2', 'Term');
INSERT INTO T    VALUES ('1_45_2', 'STRING_LITERAL', 'select');
INSERT INTO N    VALUES ('1_45_3', '1_45', '1_45', '1_45_4', 'Leaf');
INSERT INTO LN   VALUES ('1_45_3', 'Term');
INSERT INTO T    VALUES ('1_45_3', 'BANG', '!');
INSERT INTO N    VALUES ('1_45_4', '1_45', '1_45', '1_45_5', 'Nonleaf');
INSERT INTO NLN  VALUES ('1_45_4', '1_45_4_1', 'Ebnf');
INSERT INTO EBNF VALUES ('1_45_4', '');
INSERT INTO N    VALUES ('1_45_4_1', '1_45_4', '1_45', '1_45_4_2', 'Leaf');
INSERT INTO LN   VALUES ('1_45_4_1', 'Term');
INSERT INTO T    VALUES ('1_45_4_1', 'STRING_LITERAL', 'one');
INSERT INTO N    VALUES ('1_45_4_2', '1_45_4', '1_45', '1_45_4_3', 'Leaf');
INSERT INTO LN   VALUES ('1_45_4_2', 'Term');
INSERT INTO T    VALUES ('1_45_4_2', 'BANG', '!');
INSERT INTO N    VALUES ('1_45_4_3', '1_45_4', '1_45', '1_45_4_4', 'Leaf');
INSERT INTO LN   VALUES ('1_45_4_3', 'Rref');
INSERT INTO RR   VALUES ('1_45_4_3', 'local_variable');
INSERT INTO N    VALUES ('1_45_4_4', '1_45_4', '1_45', '1_45_4_5', 'Leaf');
INSERT INTO LN   VALUES ('1_45_4_4', 'Term');
INSERT INTO T    VALUES ('1_45_4_4', 'ARG_ACTION', 'true');
INSERT INTO N    VALUES ('1_45_4_5', '1_45_4', '1_45', '1_45_4_6', 'Leaf');
INSERT INTO LN   VALUES ('1_45_4_5', 'Rref');
INSERT INTO RR   VALUES ('1_45_4_5', 'object_spec');
INSERT INTO N    VALUES ('1_45_4_6', '1_45_4', '1_45', '1_45_4_7', 'Leaf');
INSERT INTO LN   VALUES ('1_45_4_6', 'Term');
INSERT INTO T    VALUES ('1_45_4_6', 'OR', '|');
INSERT INTO N    VALUES ('1_45_4_7', '1_45_4', '1_45', '1_45_4_8', 'Leaf');
INSERT INTO LN   VALUES ('1_45_4_7', 'Term');
INSERT INTO T    VALUES ('1_45_4_7', 'STRING_LITERAL', 'any');
INSERT INTO N    VALUES ('1_45_4_8', '1_45_4', '1_45', '1_45_4_9', 'Leaf');
INSERT INTO LN   VALUES ('1_45_4_8', 'Term');
INSERT INTO T    VALUES ('1_45_4_8', 'BANG', '!');
INSERT INTO N    VALUES ('1_45_4_9', '1_45_4', '1_45', '1_45_4_10', 'Leaf');
INSERT INTO LN   VALUES ('1_45_4_9', 'Rref');
INSERT INTO RR   VALUES ('1_45_4_9', 'local_variable');
INSERT INTO N    VALUES ('1_45_4_10', '1_45_4', '1_45', '1_45_4_11', 'Leaf');
INSERT INTO LN   VALUES ('1_45_4_10', 'Term');
INSERT INTO T    VALUES ('1_45_4_10', 'ARG_ACTION', 'true');
INSERT INTO N    VALUES ('1_45_4_11', '1_45_4', '1_45', '1_45_4_12', 'Leaf');
INSERT INTO LN   VALUES ('1_45_4_11', 'Rref');
INSERT INTO RR   VALUES ('1_45_4_11', 'object_spec');
INSERT INTO N    VALUES ('1_45_4_12', '1_45_4', '1_45', '1_45_4_13', 'Leaf');
INSERT INTO LN   VALUES ('1_45_4_12', 'Term');
INSERT INTO T    VALUES ('1_45_4_12', 'OR', '|');
INSERT INTO N    VALUES ('1_45_4_13', '1_45_4', '1_45', '1_45_4_14', 'Leaf');
INSERT INTO LN   VALUES ('1_45_4_13', 'Term');
INSERT INTO T    VALUES ('1_45_4_13', 'STRING_LITERAL', 'many');
INSERT INTO N    VALUES ('1_45_4_14', '1_45_4', '1_45', '1_45_4_15', 'Leaf');
INSERT INTO LN   VALUES ('1_45_4_14', 'Term');
INSERT INTO T    VALUES ('1_45_4_14', 'BANG', '!');
INSERT INTO N    VALUES ('1_45_4_15', '1_45_4', '1_45', '1_45_4_16', 'Leaf');
INSERT INTO LN   VALUES ('1_45_4_15', 'Rref');
INSERT INTO RR   VALUES ('1_45_4_15', 'local_variable');
INSERT INTO N    VALUES ('1_45_4_16', '1_45_4', '1_45', '1_45_4_17', 'Leaf');
INSERT INTO LN   VALUES ('1_45_4_16', 'Term');
INSERT INTO T    VALUES ('1_45_4_16', 'ARG_ACTION', 'true');
INSERT INTO N    VALUES ('1_45_4_17', '1_45_4', '1_45', '1_45_4_18', 'Leaf');
INSERT INTO LN   VALUES ('1_45_4_17', 'Rref');
INSERT INTO RR   VALUES ('1_45_4_17', 'object_spec');
INSERT INTO N    VALUES ('1_46', '1', '1_46', '1_47', 'Nonleaf');
INSERT INTO NLN  VALUES ('1_46', '1_46_1', 'Rule');
INSERT INTO R    VALUES ('1_46', 'transform_statement');
INSERT INTO N    VALUES ('1_46_1', '1_46', '1_46', '1_46_2', 'Leaf');
INSERT INTO LN   VALUES ('1_46_1', 'Term');
INSERT INTO T    VALUES ('1_46_1', 'COLON', ':');
INSERT INTO N    VALUES ('1_46_2', '1_46', '1_46', '1_46_3', 'Leaf');
INSERT INTO LN   VALUES ('1_46_2', 'Term');
INSERT INTO T    VALUES ('1_46_2', 'STRING_LITERAL', 'transform');
INSERT INTO N    VALUES ('1_46_3', '1_46', '1_46', '1_46_4', 'Leaf');
INSERT INTO LN   VALUES ('1_46_3', 'Term');
INSERT INTO T    VALUES ('1_46_3', 'BANG', '!');
INSERT INTO N    VALUES ('1_46_4', '1_46', '1_46', '1_46_5', 'Nonleaf');
INSERT INTO NLN  VALUES ('1_46_4', '1_46_4_1', 'Ebnf');
INSERT INTO EBNF VALUES ('1_46_4', '');
INSERT INTO N    VALUES ('1_46_4_1', '1_46_4', '1_46', '1_46_4_2', 'Nonleaf');
INSERT INTO NLN  VALUES ('1_46_4_1', '1_46_4_1_1', 'Ebnf');
INSERT INTO EBNF VALUES ('1_46_4_1', '');
INSERT INTO N    VALUES ('1_46_4_1_1', '1_46_4_1', '1_46', '1_46_4_1_2', 'Nonleaf');
INSERT INTO NLN  VALUES ('1_46_4_1_1', '1_46_4_1_1_1', 'Ebnf');
INSERT INTO EBNF VALUES ('1_46_4_1_1', '');
INSERT INTO N    VALUES ('1_46_4_1_1_1', '1_46_4_1_1', '1_46', '1_46_4_1_1_2', 'Leaf');
INSERT INTO LN   VALUES ('1_46_4_1_1_1', 'Rref');
INSERT INTO RR   VALUES ('1_46_4_1_1_1', 'member_access');
INSERT INTO N    VALUES ('1_46_4_1_1_2', '1_46_4_1_1', '1_46', '1_46_4_1_1_3', 'Leaf');
INSERT INTO LN   VALUES ('1_46_4_1_1_2', 'Term');
INSERT INTO T    VALUES ('1_46_4_1_1_2', 'ARG_ACTION', 'true');
INSERT INTO N    VALUES ('1_46_4_1_1_3', '1_46_4_1_1', '1_46', '1_46_4_1_1_4', 'Leaf');
INSERT INTO LN   VALUES ('1_46_4_1_1_3', 'Term');
INSERT INTO T    VALUES ('1_46_4_1_1_3', 'OR', '|');
INSERT INTO N    VALUES ('1_46_4_1_1_4', '1_46_4_1_1', '1_46', '1_46_4_1_1_5', 'Leaf');
INSERT INTO LN   VALUES ('1_46_4_1_1_4', 'Rref');
INSERT INTO RR   VALUES ('1_46_4_1_1_4', 'param_data_access');
INSERT INTO N    VALUES ('1_46_4_1_1_5', '1_46_4_1_1', '1_46', '1_46_4_1_1_6', 'Leaf');
INSERT INTO LN   VALUES ('1_46_4_1_1_5', 'Term');
INSERT INTO T    VALUES ('1_46_4_1_1_5', 'ARG_ACTION', 'true');
INSERT INTO N    VALUES ('1_46_4_1_2', '1_46_4_1', '1_46', '1_46_4_1_3', 'Leaf');
INSERT INTO LN   VALUES ('1_46_4_1_2', 'Term');
INSERT INTO T    VALUES ('1_46_4_1_2', 'TOKEN_REF', 'TOK_EQUAL');
INSERT INTO N    VALUES ('1_46_4_1_3', '1_46_4_1', '1_46', '1_46_4_1_4', 'Leaf');
INSERT INTO LN   VALUES ('1_46_4_1_3', 'Term');
INSERT INTO T    VALUES ('1_46_4_1_3', 'BANG', '!');
INSERT INTO N    VALUES ('1_46_4_1_4', '1_46_4_1', '1_46', '1_46_4_1_5', 'Leaf');
INSERT INTO LN   VALUES ('1_46_4_1_4', 'Rref');
INSERT INTO RR   VALUES ('1_46_4_1_4', 'transform_invocation');
INSERT INTO N    VALUES ('1_46_4_1_5', '1_46_4_1', '1_46', '1_46_4_1_6', 'Leaf');
INSERT INTO LN   VALUES ('1_46_4_1_5', 'Term');
INSERT INTO T    VALUES ('1_46_4_1_5', 'ARG_ACTION', 'true');
INSERT INTO N    VALUES ('1_46_4_2', '1_46_4', '1_46', '1_46_4_3', 'Leaf');
INSERT INTO LN   VALUES ('1_46_4_2', 'Term');
INSERT INTO T    VALUES ('1_46_4_2', 'OR', '|');
INSERT INTO N    VALUES ('1_46_4_3', '1_46_4', '1_46', '1_46_4_4', 'Leaf');
INSERT INTO LN   VALUES ('1_46_4_3', 'Rref');
INSERT INTO RR   VALUES ('1_46_4_3', 'transform_invocation');
INSERT INTO N    VALUES ('1_46_4_4', '1_46_4', '1_46', '1_46_4_5', 'Leaf');
INSERT INTO LN   VALUES ('1_46_4_4', 'Term');
INSERT INTO T    VALUES ('1_46_4_4', 'ARG_ACTION', 'false');
INSERT INTO N    VALUES ('1_47', '1', '1_47', '1_48', 'Nonleaf');
INSERT INTO NLN  VALUES ('1_47', '1_47_1', 'Rule');
INSERT INTO R    VALUES ('1_47', 'function_statement');
INSERT INTO N    VALUES ('1_47_1', '1_47', '1_47', '1_47_2', 'Leaf');
INSERT INTO LN   VALUES ('1_47_1', 'Term');
INSERT INTO T    VALUES ('1_47_1', 'COLON', ':');
INSERT INTO N    VALUES ('1_47_2', '1_47', '1_47', '1_47_3', 'Leaf');
INSERT INTO LN   VALUES ('1_47_2', 'Term');
INSERT INTO T    VALUES ('1_47_2', 'TOKEN_REF', 'TOK_DOUBLECOLON');
INSERT INTO N    VALUES ('1_47_3', '1_47', '1_47', '1_47_4', 'Leaf');
INSERT INTO LN   VALUES ('1_47_3', 'Term');
INSERT INTO T    VALUES ('1_47_3', 'BANG', '!');
INSERT INTO N    VALUES ('1_47_4', '1_47', '1_47', '1_47_5', 'Leaf');
INSERT INTO LN   VALUES ('1_47_4', 'Rref');
INSERT INTO RR   VALUES ('1_47_4', 'function_invocation');
INSERT INTO N    VALUES ('1_47_5', '1_47', '1_47', '1_47_6', 'Leaf');
INSERT INTO LN   VALUES ('1_47_5', 'Term');
INSERT INTO T    VALUES ('1_47_5', 'ARG_ACTION', 'false');
INSERT INTO N    VALUES ('1_48', '1', '1_48', '1_49', 'Nonleaf');
INSERT INTO NLN  VALUES ('1_48', '1_48_1', 'Rule');
INSERT INTO R    VALUES ('1_48', 'unrelate_statement');
INSERT INTO N    VALUES ('1_48_1', '1_48', '1_48', '1_48_2', 'Leaf');
INSERT INTO LN   VALUES ('1_48_1', 'Term');
INSERT INTO T    VALUES ('1_48_1', 'COLON', ':');
INSERT INTO N    VALUES ('1_48_2', '1_48', '1_48', '1_48_3', 'Leaf');
INSERT INTO LN   VALUES ('1_48_2', 'Term');
INSERT INTO T    VALUES ('1_48_2', 'STRING_LITERAL', 'unrelate');
INSERT INTO N    VALUES ('1_48_3', '1_48', '1_48', '1_48_4', 'Leaf');
INSERT INTO LN   VALUES ('1_48_3', 'Term');
INSERT INTO T    VALUES ('1_48_3', 'BANG', '!');
INSERT INTO N    VALUES ('1_48_4', '1_48', '1_48', '1_48_5', 'Leaf');
INSERT INTO LN   VALUES ('1_48_4', 'Rref');
INSERT INTO RR   VALUES ('1_48_4', 'inst_ref_var');
INSERT INTO N    VALUES ('1_48_5', '1_48', '1_48', '1_48_6', 'Leaf');
INSERT INTO LN   VALUES ('1_48_5', 'Term');
INSERT INTO T    VALUES ('1_48_5', 'STRING_LITERAL', 'from');
INSERT INTO N    VALUES ('1_48_6', '1_48', '1_48', '1_48_7', 'Leaf');
INSERT INTO LN   VALUES ('1_48_6', 'Term');
INSERT INTO T    VALUES ('1_48_6', 'BANG', '!');
INSERT INTO N    VALUES ('1_48_7', '1_48', '1_48', '1_48_8', 'Leaf');
INSERT INTO LN   VALUES ('1_48_7', 'Rref');
INSERT INTO RR   VALUES ('1_48_7', 'inst_ref_var');
INSERT INTO N    VALUES ('1_48_8', '1_48', '1_48', '1_48_9', 'Leaf');
INSERT INTO LN   VALUES ('1_48_8', 'Term');
INSERT INTO T    VALUES ('1_48_8', 'STRING_LITERAL', 'across');
INSERT INTO N    VALUES ('1_48_9', '1_48', '1_48', '1_48_10', 'Leaf');
INSERT INTO LN   VALUES ('1_48_9', 'Term');
INSERT INTO T    VALUES ('1_48_9', 'BANG', '!');
INSERT INTO N    VALUES ('1_48_10', '1_48', '1_48', '1_48_11', 'Leaf');
INSERT INTO LN   VALUES ('1_48_10', 'Rref');
INSERT INTO RR   VALUES ('1_48_10', 'relationship');
INSERT INTO N    VALUES ('1_48_11', '1_48', '1_48', '1_48_12', 'Nonleaf');
INSERT INTO NLN  VALUES ('1_48_11', '1_48_11_1', 'Ebnf');
INSERT INTO EBNF VALUES ('1_48_11', '?');
INSERT INTO N    VALUES ('1_48_11_1', '1_48_11', '1_48', '1_48_11_2', 'Leaf');
INSERT INTO LN   VALUES ('1_48_11_1', 'Term');
INSERT INTO T    VALUES ('1_48_11_1', 'TOKEN_REF', 'TOK_DOT');
INSERT INTO N    VALUES ('1_48_11_2', '1_48_11', '1_48', '1_48_11_3', 'Leaf');
INSERT INTO LN   VALUES ('1_48_11_2', 'Term');
INSERT INTO T    VALUES ('1_48_11_2', 'BANG', '!');
INSERT INTO N    VALUES ('1_48_11_3', '1_48_11', '1_48', '1_48_11_4', 'Leaf');
INSERT INTO LN   VALUES ('1_48_11_3', 'Rref');
INSERT INTO RR   VALUES ('1_48_11_3', 'phrase');
INSERT INTO N    VALUES ('1_48_12', '1_48', '1_48', '1_48_13', 'Nonleaf');
INSERT INTO NLN  VALUES ('1_48_12', '1_48_12_1', 'Ebnf');
INSERT INTO EBNF VALUES ('1_48_12', '?');
INSERT INTO N    VALUES ('1_48_12_1', '1_48_12', '1_48', '1_48_12_2', 'Leaf');
INSERT INTO LN   VALUES ('1_48_12_1', 'Term');
INSERT INTO T    VALUES ('1_48_12_1', 'STRING_LITERAL', 'using');
INSERT INTO N    VALUES ('1_48_12_2', '1_48_12', '1_48', '1_48_12_3', 'Leaf');
INSERT INTO LN   VALUES ('1_48_12_2', 'Term');
INSERT INTO T    VALUES ('1_48_12_2', 'BANG', '!');
INSERT INTO N    VALUES ('1_48_12_3', '1_48_12', '1_48', '1_48_12_4', 'Leaf');
INSERT INTO LN   VALUES ('1_48_12_3', 'Rref');
INSERT INTO RR   VALUES ('1_48_12_3', 'assoc_obj_inst_ref_var');
INSERT INTO N    VALUES ('1_49', '1', '1_49', '1_50', 'Nonleaf');
INSERT INTO NLN  VALUES ('1_49', '1_49_1', 'Rule');
INSERT INTO R    VALUES ('1_49', 'while_statement');
INSERT INTO N    VALUES ('1_49_1', '1_49', '1_49', '1_49_2', 'Leaf');
INSERT INTO LN   VALUES ('1_49_1', 'Term');
INSERT INTO T    VALUES ('1_49_1', 'COLON', ':');
INSERT INTO N    VALUES ('1_49_2', '1_49', '1_49', '1_49_3', 'Leaf');
INSERT INTO LN   VALUES ('1_49_2', 'Term');
INSERT INTO T    VALUES ('1_49_2', 'STRING_LITERAL', 'while');
INSERT INTO N    VALUES ('1_49_3', '1_49', '1_49', '1_49_4', 'Leaf');
INSERT INTO LN   VALUES ('1_49_3', 'Term');
INSERT INTO T    VALUES ('1_49_3', 'BANG', '!');
INSERT INTO N    VALUES ('1_49_4', '1_49', '1_49', '1_49_5', 'Leaf');
INSERT INTO LN   VALUES ('1_49_4', 'Rref');
INSERT INTO RR   VALUES ('1_49_4', 'expr');
INSERT INTO N    VALUES ('1_49_5', '1_49', '1_49', '1_49_6', 'Leaf');
INSERT INTO LN   VALUES ('1_49_5', 'Rref');
INSERT INTO RR   VALUES ('1_49_5', 'block');
INSERT INTO N    VALUES ('1_49_6', '1_49', '1_49', '1_49_7', 'Leaf');
INSERT INTO LN   VALUES ('1_49_6', 'Term');
INSERT INTO T    VALUES ('1_49_6', 'ARG_ACTION', 'false');
INSERT INTO N    VALUES ('1_49_7', '1_49', '1_49', '1_49_8', 'Leaf');
INSERT INTO LN   VALUES ('1_49_7', 'Term');
INSERT INTO T    VALUES ('1_49_7', 'STRING_LITERAL', 'end');
INSERT INTO N    VALUES ('1_49_8', '1_49', '1_49', '1_49_9', 'Leaf');
INSERT INTO LN   VALUES ('1_49_8', 'Term');
INSERT INTO T    VALUES ('1_49_8', 'BANG', '!');
INSERT INTO N    VALUES ('1_49_9', '1_49', '1_49', '1_49_10', 'Leaf');
INSERT INTO LN   VALUES ('1_49_9', 'Term');
INSERT INTO T    VALUES ('1_49_9', 'STRING_LITERAL', 'while');
INSERT INTO N    VALUES ('1_49_10', '1_49', '1_49', '1_49_11', 'Leaf');
INSERT INTO LN   VALUES ('1_49_10', 'Term');
INSERT INTO T    VALUES ('1_49_10', 'BANG', '!');
INSERT INTO N    VALUES ('1_50', '1', '1_50', '1_51', 'Nonleaf');
INSERT INTO NLN  VALUES ('1_50', '1_50_1', 'Rule');
INSERT INTO R    VALUES ('1_50', 'assignment_expr');
INSERT INTO N    VALUES ('1_50_1', '1_50', '1_50', '1_50_2', 'Leaf');
INSERT INTO LN   VALUES ('1_50_1', 'Term');
INSERT INTO T    VALUES ('1_50_1', 'COLON', ':');
INSERT INTO N    VALUES ('1_50_2', '1_50', '1_50', '1_50_3', 'Nonleaf');
INSERT INTO NLN  VALUES ('1_50_2', '1_50_2_1', 'Ebnf');
INSERT INTO EBNF VALUES ('1_50_2', '');
INSERT INTO N    VALUES ('1_50_2_1', '1_50_2', '1_50', '1_50_2_2', 'Leaf');
INSERT INTO LN   VALUES ('1_50_2_1', 'Rref');
INSERT INTO RR   VALUES ('1_50_2_1', 'member_access');
INSERT INTO N    VALUES ('1_50_2_2', '1_50_2', '1_50', '1_50_2_3', 'Leaf');
INSERT INTO LN   VALUES ('1_50_2_2', 'Term');
INSERT INTO T    VALUES ('1_50_2_2', 'ARG_ACTION', 'true');
INSERT INTO N    VALUES ('1_50_2_3', '1_50_2', '1_50', '1_50_2_4', 'Leaf');
INSERT INTO LN   VALUES ('1_50_2_3', 'Term');
INSERT INTO T    VALUES ('1_50_2_3', 'TOKEN_REF', 'TOK_EQUAL');
INSERT INTO N    VALUES ('1_50_2_4', '1_50_2', '1_50', '1_50_2_5', 'Leaf');
INSERT INTO LN   VALUES ('1_50_2_4', 'Term');
INSERT INTO T    VALUES ('1_50_2_4', 'BANG', '!');
INSERT INTO N    VALUES ('1_50_2_5', '1_50_2', '1_50', '1_50_2_6', 'Leaf');
INSERT INTO LN   VALUES ('1_50_2_5', 'Rref');
INSERT INTO RR   VALUES ('1_50_2_5', 'expr');
INSERT INTO N    VALUES ('1_50_2_6', '1_50_2', '1_50', '1_50_2_7', 'Leaf');
INSERT INTO LN   VALUES ('1_50_2_6', 'Term');
INSERT INTO T    VALUES ('1_50_2_6', 'OR', '|');
INSERT INTO N    VALUES ('1_50_2_7', '1_50_2', '1_50', '1_50_2_8', 'Nonleaf');
INSERT INTO NLN  VALUES ('1_50_2_7', '1_50_2_7_1', 'Ebnf');
INSERT INTO EBNF VALUES ('1_50_2_7', '=>');
INSERT INTO N    VALUES ('1_50_2_7_1', '1_50_2_7', '1_50', '1_50_2_7_2', 'Leaf');
INSERT INTO LN   VALUES ('1_50_2_7_1', 'Term');
INSERT INTO T    VALUES ('1_50_2_7_1', 'STRING_LITERAL', 'param');
INSERT INTO N    VALUES ('1_50_2_7_2', '1_50_2_7', '1_50', '1_50_2_7_3', 'Leaf');
INSERT INTO LN   VALUES ('1_50_2_7_2', 'Term');
INSERT INTO T    VALUES ('1_50_2_7_2', 'TOKEN_REF', 'TOK_DOT');
INSERT INTO N    VALUES ('1_50_2_8', '1_50_2', '1_50', '1_50_2_9', 'Leaf');
INSERT INTO LN   VALUES ('1_50_2_8', 'Rref');
INSERT INTO RR   VALUES ('1_50_2_8', 'param_data_access');
INSERT INTO N    VALUES ('1_50_2_9', '1_50_2', '1_50', '1_50_2_10', 'Leaf');
INSERT INTO LN   VALUES ('1_50_2_9', 'Term');
INSERT INTO T    VALUES ('1_50_2_9', 'ARG_ACTION', 'true');
INSERT INTO N    VALUES ('1_50_2_10', '1_50_2', '1_50', '1_50_2_11', 'Leaf');
INSERT INTO LN   VALUES ('1_50_2_10', 'Term');
INSERT INTO T    VALUES ('1_50_2_10', 'TOKEN_REF', 'TOK_EQUAL');
INSERT INTO N    VALUES ('1_50_2_11', '1_50_2', '1_50', '1_50_2_12', 'Leaf');
INSERT INTO LN   VALUES ('1_50_2_11', 'Term');
INSERT INTO T    VALUES ('1_50_2_11', 'BANG', '!');
INSERT INTO N    VALUES ('1_50_2_12', '1_50_2', '1_50', '1_50_2_13', 'Leaf');
INSERT INTO LN   VALUES ('1_50_2_12', 'Rref');
INSERT INTO RR   VALUES ('1_50_2_12', 'expr');
INSERT INTO N    VALUES ('1_51', '1', '1_51', '1_52', 'Nonleaf');
INSERT INTO NLN  VALUES ('1_51', '1_51_1', 'Rule');
INSERT INTO R    VALUES ('1_51', 'bridge_invocation');
INSERT INTO N    VALUES ('1_51_1', '1_51', '1_51', '1_51_2', 'Leaf');
INSERT INTO LN   VALUES ('1_51_1', 'Term');
INSERT INTO T    VALUES ('1_51_1', 'ARG_ACTION', 'boolean isRval');
INSERT INTO N    VALUES ('1_51_2', '1_51', '1_51', '1_51_3', 'Leaf');
INSERT INTO LN   VALUES ('1_51_2', 'Term');
INSERT INTO T    VALUES ('1_51_2', 'COLON', ':');
INSERT INTO N    VALUES ('1_51_3', '1_51', '1_51', '1_51_4', 'Leaf');
INSERT INTO LN   VALUES ('1_51_3', 'Rref');
INSERT INTO RR   VALUES ('1_51_3', 'ee_keyletters');
INSERT INTO N    VALUES ('1_51_4', '1_51', '1_51', '1_51_5', 'Leaf');
INSERT INTO LN   VALUES ('1_51_4', 'Term');
INSERT INTO T    VALUES ('1_51_4', 'TOKEN_REF', 'TOK_DOUBLECOLON');
INSERT INTO N    VALUES ('1_51_5', '1_51', '1_51', '1_51_6', 'Leaf');
INSERT INTO LN   VALUES ('1_51_5', 'Term');
INSERT INTO T    VALUES ('1_51_5', 'BANG', '!');
INSERT INTO N    VALUES ('1_51_6', '1_51', '1_51', '1_51_7', 'Leaf');
INSERT INTO LN   VALUES ('1_51_6', 'Rref');
INSERT INTO RR   VALUES ('1_51_6', 'bridge_function');
INSERT INTO N    VALUES ('1_51_7', '1_51', '1_51', '1_51_8', 'Leaf');
INSERT INTO LN   VALUES ('1_51_7', 'Term');
INSERT INTO T    VALUES ('1_51_7', 'TOKEN_REF', 'TOK_LPAREN');
INSERT INTO N    VALUES ('1_51_8', '1_51', '1_51', '1_51_9', 'Leaf');
INSERT INTO LN   VALUES ('1_51_8', 'Term');
INSERT INTO T    VALUES ('1_51_8', 'BANG', '!');
INSERT INTO N    VALUES ('1_51_9', '1_51', '1_51', '1_51_10', 'Nonleaf');
INSERT INTO NLN  VALUES ('1_51_9', '1_51_9_1', 'Ebnf');
INSERT INTO EBNF VALUES ('1_51_9', '?');
INSERT INTO N    VALUES ('1_51_9_1', '1_51_9', '1_51', '1_51_9_2', 'Leaf');
INSERT INTO LN   VALUES ('1_51_9_1', 'Rref');
INSERT INTO RR   VALUES ('1_51_9_1', 'invocation_parameters');
INSERT INTO N    VALUES ('1_51_10', '1_51', '1_51', '1_51_11', 'Leaf');
INSERT INTO LN   VALUES ('1_51_10', 'Term');
INSERT INTO T    VALUES ('1_51_10', 'TOKEN_REF', 'TOK_RPAREN');
INSERT INTO N    VALUES ('1_51_11', '1_51', '1_51', '1_51_12', 'Leaf');
INSERT INTO LN   VALUES ('1_51_11', 'Term');
INSERT INTO T    VALUES ('1_51_11', 'BANG', '!');
INSERT INTO N    VALUES ('1_52', '1', '1_52', '1_53', 'Nonleaf');
INSERT INTO NLN  VALUES ('1_52', '1_52_1', 'Rule');
INSERT INTO R    VALUES ('1_52', 'message_invocation');
INSERT INTO N    VALUES ('1_52_1', '1_52', '1_52', '1_52_2', 'Leaf');
INSERT INTO LN   VALUES ('1_52_1', 'Term');
INSERT INTO T    VALUES ('1_52_1', 'ARG_ACTION', 'boolean isRval');
INSERT INTO N    VALUES ('1_52_2', '1_52', '1_52', '1_52_3', 'Leaf');
INSERT INTO LN   VALUES ('1_52_2', 'Term');
INSERT INTO T    VALUES ('1_52_2', 'COLON', ':');
INSERT INTO N    VALUES ('1_52_3', '1_52', '1_52', '1_52_4', 'Leaf');
INSERT INTO LN   VALUES ('1_52_3', 'Rref');
INSERT INTO RR   VALUES ('1_52_3', 'interface_or_port_name');
INSERT INTO N    VALUES ('1_52_4', '1_52', '1_52', '1_52_5', 'Leaf');
INSERT INTO LN   VALUES ('1_52_4', 'Term');
INSERT INTO T    VALUES ('1_52_4', 'TOKEN_REF', 'TOK_DOUBLECOLON');
INSERT INTO N    VALUES ('1_52_5', '1_52', '1_52', '1_52_6', 'Leaf');
INSERT INTO LN   VALUES ('1_52_5', 'Term');
INSERT INTO T    VALUES ('1_52_5', 'BANG', '!');
INSERT INTO N    VALUES ('1_52_6', '1_52', '1_52', '1_52_7', 'Leaf');
INSERT INTO LN   VALUES ('1_52_6', 'Rref');
INSERT INTO RR   VALUES ('1_52_6', 'message_name');
INSERT INTO N    VALUES ('1_52_7', '1_52', '1_52', '1_52_8', 'Leaf');
INSERT INTO LN   VALUES ('1_52_7', 'Term');
INSERT INTO T    VALUES ('1_52_7', 'TOKEN_REF', 'TOK_LPAREN');
INSERT INTO N    VALUES ('1_52_8', '1_52', '1_52', '1_52_9', 'Leaf');
INSERT INTO LN   VALUES ('1_52_8', 'Term');
INSERT INTO T    VALUES ('1_52_8', 'BANG', '!');
INSERT INTO N    VALUES ('1_52_9', '1_52', '1_52', '1_52_10', 'Nonleaf');
INSERT INTO NLN  VALUES ('1_52_9', '1_52_9_1', 'Ebnf');
INSERT INTO EBNF VALUES ('1_52_9', '?');
INSERT INTO N    VALUES ('1_52_9_1', '1_52_9', '1_52', '1_52_9_2', 'Leaf');
INSERT INTO LN   VALUES ('1_52_9_1', 'Rref');
INSERT INTO RR   VALUES ('1_52_9_1', 'invocation_parameters');
INSERT INTO N    VALUES ('1_52_10', '1_52', '1_52', '1_52_11', 'Leaf');
INSERT INTO LN   VALUES ('1_52_10', 'Term');
INSERT INTO T    VALUES ('1_52_10', 'TOKEN_REF', 'TOK_RPAREN');
INSERT INTO N    VALUES ('1_52_11', '1_52', '1_52', '1_52_12', 'Leaf');
INSERT INTO LN   VALUES ('1_52_11', 'Term');
INSERT INTO T    VALUES ('1_52_11', 'BANG', '!');
INSERT INTO N    VALUES ('1_52_12', '1_52', '1_52', '1_52_13', 'Nonleaf');
INSERT INTO NLN  VALUES ('1_52_12', '1_52_12_1', 'Ebnf');
INSERT INTO EBNF VALUES ('1_52_12', '?');
INSERT INTO N    VALUES ('1_52_12_1', '1_52_12', '1_52', '1_52_12_2', 'Leaf');
INSERT INTO LN   VALUES ('1_52_12_1', 'Term');
INSERT INTO T    VALUES ('1_52_12_1', 'STRING_LITERAL', 'to');
INSERT INTO N    VALUES ('1_52_12_2', '1_52_12', '1_52', '1_52_12_3', 'Leaf');
INSERT INTO LN   VALUES ('1_52_12_2', 'Term');
INSERT INTO T    VALUES ('1_52_12_2', 'BANG', '!');
INSERT INTO N    VALUES ('1_52_12_3', '1_52_12', '1_52', '1_52_12_4', 'Nonleaf');
INSERT INTO NLN  VALUES ('1_52_12_3', '1_52_12_3_1', 'Ebnf');
INSERT INTO EBNF VALUES ('1_52_12_3', '');
INSERT INTO N    VALUES ('1_52_12_3_1', '1_52_12_3', '1_52', '1_52_12_3_2', 'Leaf');
INSERT INTO LN   VALUES ('1_52_12_3_1', 'Rref');
INSERT INTO RR   VALUES ('1_52_12_3_1', 'rval');
INSERT INTO N    VALUES ('1_53', '1', '1_53', '1_54', 'Nonleaf');
INSERT INTO NLN  VALUES ('1_53', '1_53_1', 'Rule');
INSERT INTO R    VALUES ('1_53', 'invocation');
INSERT INTO N    VALUES ('1_53_1', '1_53', '1_53', '1_53_2', 'Leaf');
INSERT INTO LN   VALUES ('1_53_1', 'Term');
INSERT INTO T    VALUES ('1_53_1', 'ARG_ACTION', 'boolean isRval');
INSERT INTO N    VALUES ('1_53_2', '1_53', '1_53', '1_53_3', 'Leaf');
INSERT INTO LN   VALUES ('1_53_2', 'Term');
INSERT INTO T    VALUES ('1_53_2', 'COLON', ':');
INSERT INTO N    VALUES ('1_53_3', '1_53', '1_53', '1_53_4', 'Leaf');
INSERT INTO LN   VALUES ('1_53_3', 'Rref');
INSERT INTO RR   VALUES ('1_53_3', 'identifier');
INSERT INTO N    VALUES ('1_53_4', '1_53', '1_53', '1_53_5', 'Leaf');
INSERT INTO LN   VALUES ('1_53_4', 'Term');
INSERT INTO T    VALUES ('1_53_4', 'TOKEN_REF', 'TOK_DOUBLECOLON');
INSERT INTO N    VALUES ('1_53_5', '1_53', '1_53', '1_53_6', 'Leaf');
INSERT INTO LN   VALUES ('1_53_5', 'Term');
INSERT INTO T    VALUES ('1_53_5', 'BANG', '!');
INSERT INTO N    VALUES ('1_53_6', '1_53', '1_53', '1_53_7', 'Leaf');
INSERT INTO LN   VALUES ('1_53_6', 'Rref');
INSERT INTO RR   VALUES ('1_53_6', 'invocation_function');
INSERT INTO N    VALUES ('1_53_7', '1_53', '1_53', '1_53_8', 'Leaf');
INSERT INTO LN   VALUES ('1_53_7', 'Term');
INSERT INTO T    VALUES ('1_53_7', 'TOKEN_REF', 'TOK_LPAREN');
INSERT INTO N    VALUES ('1_53_8', '1_53', '1_53', '1_53_9', 'Leaf');
INSERT INTO LN   VALUES ('1_53_8', 'Term');
INSERT INTO T    VALUES ('1_53_8', 'BANG', '!');
INSERT INTO N    VALUES ('1_53_9', '1_53', '1_53', '1_53_10', 'Nonleaf');
INSERT INTO NLN  VALUES ('1_53_9', '1_53_9_1', 'Ebnf');
INSERT INTO EBNF VALUES ('1_53_9', '?');
INSERT INTO N    VALUES ('1_53_9_1', '1_53_9', '1_53', '1_53_9_2', 'Leaf');
INSERT INTO LN   VALUES ('1_53_9_1', 'Rref');
INSERT INTO RR   VALUES ('1_53_9_1', 'invocation_parameters');
INSERT INTO N    VALUES ('1_53_10', '1_53', '1_53', '1_53_11', 'Leaf');
INSERT INTO LN   VALUES ('1_53_10', 'Term');
INSERT INTO T    VALUES ('1_53_10', 'TOKEN_REF', 'TOK_RPAREN');
INSERT INTO N    VALUES ('1_53_11', '1_53', '1_53', '1_53_12', 'Leaf');
INSERT INTO LN   VALUES ('1_53_11', 'Term');
INSERT INTO T    VALUES ('1_53_11', 'BANG', '!');
INSERT INTO N    VALUES ('1_54', '1', '1_54', '1_55', 'Nonleaf');
INSERT INTO NLN  VALUES ('1_54', '1_54_1', 'Rule');
INSERT INTO R    VALUES ('1_54', 'bridge_expr');
INSERT INTO N    VALUES ('1_54_1', '1_54', '1_54', '1_54_2', 'Leaf');
INSERT INTO LN   VALUES ('1_54_1', 'Term');
INSERT INTO T    VALUES ('1_54_1', 'BANG', '!');
INSERT INTO N    VALUES ('1_54_2', '1_54', '1_54', '1_54_3', 'Leaf');
INSERT INTO LN   VALUES ('1_54_2', 'Term');
INSERT INTO T    VALUES ('1_54_2', 'COLON', ':');
INSERT INTO N    VALUES ('1_54_3', '1_54', '1_54', '1_54_4', 'Leaf');
INSERT INTO LN   VALUES ('1_54_3', 'Term');
INSERT INTO T    VALUES ('1_54_3', 'STRING_LITERAL', 'bridge');
INSERT INTO N    VALUES ('1_54_4', '1_54', '1_54', '1_54_5', 'Leaf');
INSERT INTO LN   VALUES ('1_54_4', 'Term');
INSERT INTO T    VALUES ('1_54_4', 'BANG', '!');
INSERT INTO N    VALUES ('1_54_5', '1_54', '1_54', '1_54_6', 'Leaf');
INSERT INTO LN   VALUES ('1_54_5', 'Rref');
INSERT INTO RR   VALUES ('1_54_5', 'bridge_invocation');
INSERT INTO N    VALUES ('1_54_6', '1_54', '1_54', '1_54_7', 'Leaf');
INSERT INTO LN   VALUES ('1_54_6', 'Term');
INSERT INTO T    VALUES ('1_54_6', 'ARG_ACTION', 'true');
INSERT INTO N    VALUES ('1_55', '1', '1_55', '1_56', 'Nonleaf');
INSERT INTO NLN  VALUES ('1_55', '1_55_1', 'Rule');
INSERT INTO R    VALUES ('1_55', 'invocation_expr');
INSERT INTO N    VALUES ('1_55_1', '1_55', '1_55', '1_55_2', 'Leaf');
INSERT INTO LN   VALUES ('1_55_1', 'Term');
INSERT INTO T    VALUES ('1_55_1', 'COLON', ':');
INSERT INTO N    VALUES ('1_55_2', '1_55', '1_55', '1_55_3', 'Leaf');
INSERT INTO LN   VALUES ('1_55_2', 'Rref');
INSERT INTO RR   VALUES ('1_55_2', 'invocation');
INSERT INTO N    VALUES ('1_55_3', '1_55', '1_55', '1_55_4', 'Leaf');
INSERT INTO LN   VALUES ('1_55_3', 'Term');
INSERT INTO T    VALUES ('1_55_3', 'ARG_ACTION', 'true');
INSERT INTO N    VALUES ('1_56', '1', '1_56', '1_57', 'Nonleaf');
INSERT INTO NLN  VALUES ('1_56', '1_56_1', 'Rule');
INSERT INTO R    VALUES ('1_56', 'enumerator_access');
INSERT INTO N    VALUES ('1_56_1', '1_56', '1_56', '1_56_2', 'Leaf');
INSERT INTO LN   VALUES ('1_56_1', 'Term');
INSERT INTO T    VALUES ('1_56_1', 'COLON', ':');
INSERT INTO N    VALUES ('1_56_2', '1_56', '1_56', '1_56_3', 'Leaf');
INSERT INTO LN   VALUES ('1_56_2', 'Rref');
INSERT INTO RR   VALUES ('1_56_2', 'enum_data_type');
INSERT INTO N    VALUES ('1_56_3', '1_56', '1_56', '1_56_4', 'Leaf');
INSERT INTO LN   VALUES ('1_56_3', 'Term');
INSERT INTO T    VALUES ('1_56_3', 'TOKEN_REF', 'TOK_DOUBLECOLON');
INSERT INTO N    VALUES ('1_56_4', '1_56', '1_56', '1_56_5', 'Leaf');
INSERT INTO LN   VALUES ('1_56_4', 'Term');
INSERT INTO T    VALUES ('1_56_4', 'BANG', '!');
INSERT INTO N    VALUES ('1_56_5', '1_56', '1_56', '1_56_6', 'Leaf');
INSERT INTO LN   VALUES ('1_56_5', 'Rref');
INSERT INTO RR   VALUES ('1_56_5', 'enumerator');
INSERT INTO N    VALUES ('1_57', '1', '1_57', '1_58', 'Nonleaf');
INSERT INTO NLN  VALUES ('1_57', '1_57_1', 'Rule');
INSERT INTO R    VALUES ('1_57', 'debug_operand');
INSERT INTO N    VALUES ('1_57_1', '1_57', '1_57', '1_57_2', 'Leaf');
INSERT INTO LN   VALUES ('1_57_1', 'Term');
INSERT INTO T    VALUES ('1_57_1', 'COLON', ':');
INSERT INTO N    VALUES ('1_57_2', '1_57', '1_57', '1_57_3', 'Nonleaf');
INSERT INTO NLN  VALUES ('1_57_2', '1_57_2_1', 'Ebnf');
INSERT INTO EBNF VALUES ('1_57_2', '');
INSERT INTO N    VALUES ('1_57_2_1', '1_57_2', '1_57', '1_57_2_2', 'Leaf');
INSERT INTO LN   VALUES ('1_57_2_1', 'Term');
INSERT INTO T    VALUES ('1_57_2_1', 'STRING_LITERAL', '_trace');
INSERT INTO N    VALUES ('1_57_2_2', '1_57_2', '1_57', '1_57_2_3', 'Leaf');
INSERT INTO LN   VALUES ('1_57_2_2', 'Term');
INSERT INTO T    VALUES ('1_57_2_2', 'BANG', '!');
INSERT INTO N    VALUES ('1_57_2_3', '1_57_2', '1_57', '1_57_2_4', 'Nonleaf');
INSERT INTO NLN  VALUES ('1_57_2_3', '1_57_2_3_1', 'Ebnf');
INSERT INTO EBNF VALUES ('1_57_2_3', '');
INSERT INTO N    VALUES ('1_57_2_3_1', '1_57_2_3', '1_57', '1_57_2_3_2', 'Leaf');
INSERT INTO LN   VALUES ('1_57_2_3_1', 'Term');
INSERT INTO T    VALUES ('1_57_2_3_1', 'STRING_LITERAL', '_off');
INSERT INTO N    VALUES ('1_57_2_3_2', '1_57_2_3', '1_57', '1_57_2_3_3', 'Leaf');
INSERT INTO LN   VALUES ('1_57_2_3_2', 'Term');
INSERT INTO T    VALUES ('1_57_2_3_2', 'BANG', '!');
INSERT INTO N    VALUES ('1_57_2_3_3', '1_57_2_3', '1_57', '1_57_2_3_4', 'Leaf');
INSERT INTO LN   VALUES ('1_57_2_3_3', 'Term');
INSERT INTO T    VALUES ('1_57_2_3_3', 'OR', '|');
INSERT INTO N    VALUES ('1_57_2_3_4', '1_57_2_3', '1_57', '1_57_2_3_5', 'Leaf');
INSERT INTO LN   VALUES ('1_57_2_3_4', 'Term');
INSERT INTO T    VALUES ('1_57_2_3_4', 'STRING_LITERAL', '_on');
INSERT INTO N    VALUES ('1_57_2_3_5', '1_57_2_3', '1_57', '1_57_2_3_6', 'Leaf');
INSERT INTO LN   VALUES ('1_57_2_3_5', 'Term');
INSERT INTO T    VALUES ('1_57_2_3_5', 'BANG', '!');
INSERT INTO N    VALUES ('1_57_3', '1_57', '1_57', '1_57_4', 'Leaf');
INSERT INTO LN   VALUES ('1_57_3', 'Term');
INSERT INTO T    VALUES ('1_57_3', 'OR', '|');
INSERT INTO N    VALUES ('1_57_4', '1_57', '1_57', '1_57_5', 'Nonleaf');
INSERT INTO NLN  VALUES ('1_57_4', '1_57_4_1', 'Ebnf');
INSERT INTO EBNF VALUES ('1_57_4', '');
INSERT INTO N    VALUES ('1_57_4_1', '1_57_4', '1_57', '1_57_4_2', 'Leaf');
INSERT INTO LN   VALUES ('1_57_4_1', 'Term');
INSERT INTO T    VALUES ('1_57_4_1', 'STRING_LITERAL', '_dump');
INSERT INTO N    VALUES ('1_57_4_2', '1_57_4', '1_57', '1_57_4_3', 'Leaf');
INSERT INTO LN   VALUES ('1_57_4_2', 'Term');
INSERT INTO T    VALUES ('1_57_4_2', 'BANG', '!');
INSERT INTO N    VALUES ('1_57_4_3', '1_57_4', '1_57', '1_57_4_4', 'Nonleaf');
INSERT INTO NLN  VALUES ('1_57_4_3', '1_57_4_3_1', 'Ebnf');
INSERT INTO EBNF VALUES ('1_57_4_3', '');
INSERT INTO N    VALUES ('1_57_4_3_1', '1_57_4_3', '1_57', '1_57_4_3_2', 'Leaf');
INSERT INTO LN   VALUES ('1_57_4_3_1', 'Term');
INSERT INTO T    VALUES ('1_57_4_3_1', 'STRING_LITERAL', '_off');
INSERT INTO N    VALUES ('1_57_4_3_2', '1_57_4_3', '1_57', '1_57_4_3_3', 'Leaf');
INSERT INTO LN   VALUES ('1_57_4_3_2', 'Term');
INSERT INTO T    VALUES ('1_57_4_3_2', 'BANG', '!');
INSERT INTO N    VALUES ('1_57_4_3_3', '1_57_4_3', '1_57', '1_57_4_3_4', 'Leaf');
INSERT INTO LN   VALUES ('1_57_4_3_3', 'Term');
INSERT INTO T    VALUES ('1_57_4_3_3', 'OR', '|');
INSERT INTO N    VALUES ('1_57_4_3_4', '1_57_4_3', '1_57', '1_57_4_3_5', 'Leaf');
INSERT INTO LN   VALUES ('1_57_4_3_4', 'Term');
INSERT INTO T    VALUES ('1_57_4_3_4', 'STRING_LITERAL', '_on');
INSERT INTO N    VALUES ('1_57_4_3_5', '1_57_4_3', '1_57', '1_57_4_3_6', 'Leaf');
INSERT INTO LN   VALUES ('1_57_4_3_5', 'Term');
INSERT INTO T    VALUES ('1_57_4_3_5', 'BANG', '!');
INSERT INTO N    VALUES ('1_57_5', '1_57', '1_57', '1_57_6', 'Leaf');
INSERT INTO LN   VALUES ('1_57_5', 'Term');
INSERT INTO T    VALUES ('1_57_5', 'OR', '|');
INSERT INTO N    VALUES ('1_57_6', '1_57', '1_57', '1_57_7', 'Nonleaf');
INSERT INTO NLN  VALUES ('1_57_6', '1_57_6_1', 'Ebnf');
INSERT INTO EBNF VALUES ('1_57_6', '');
INSERT INTO N    VALUES ('1_57_6_1', '1_57_6', '1_57', '1_57_6_2', 'Leaf');
INSERT INTO LN   VALUES ('1_57_6_1', 'Term');
INSERT INTO T    VALUES ('1_57_6_1', 'STRING_LITERAL', '_sor');
INSERT INTO N    VALUES ('1_57_6_2', '1_57_6', '1_57', '1_57_6_3', 'Leaf');
INSERT INTO LN   VALUES ('1_57_6_2', 'Term');
INSERT INTO T    VALUES ('1_57_6_2', 'BANG', '!');
INSERT INTO N    VALUES ('1_57_6_3', '1_57_6', '1_57', '1_57_6_4', 'Nonleaf');
INSERT INTO NLN  VALUES ('1_57_6_3', '1_57_6_3_1', 'Ebnf');
INSERT INTO EBNF VALUES ('1_57_6_3', '');
INSERT INTO N    VALUES ('1_57_6_3_1', '1_57_6_3', '1_57', '1_57_6_3_2', 'Leaf');
INSERT INTO LN   VALUES ('1_57_6_3_1', 'Term');
INSERT INTO T    VALUES ('1_57_6_3_1', 'STRING_LITERAL', '_off');
INSERT INTO N    VALUES ('1_57_6_3_2', '1_57_6_3', '1_57', '1_57_6_3_3', 'Leaf');
INSERT INTO LN   VALUES ('1_57_6_3_2', 'Term');
INSERT INTO T    VALUES ('1_57_6_3_2', 'BANG', '!');
INSERT INTO N    VALUES ('1_57_6_3_3', '1_57_6_3', '1_57', '1_57_6_3_4', 'Leaf');
INSERT INTO LN   VALUES ('1_57_6_3_3', 'Term');
INSERT INTO T    VALUES ('1_57_6_3_3', 'OR', '|');
INSERT INTO N    VALUES ('1_57_6_3_4', '1_57_6_3', '1_57', '1_57_6_3_5', 'Leaf');
INSERT INTO LN   VALUES ('1_57_6_3_4', 'Term');
INSERT INTO T    VALUES ('1_57_6_3_4', 'STRING_LITERAL', '_on');
INSERT INTO N    VALUES ('1_57_6_3_5', '1_57_6_3', '1_57', '1_57_6_3_6', 'Leaf');
INSERT INTO LN   VALUES ('1_57_6_3_5', 'Term');
INSERT INTO T    VALUES ('1_57_6_3_5', 'BANG', '!');
INSERT INTO N    VALUES ('1_57_7', '1_57', '1_57', '1_57_8', 'Leaf');
INSERT INTO LN   VALUES ('1_57_7', 'Term');
INSERT INTO T    VALUES ('1_57_7', 'OR', '|');
INSERT INTO N    VALUES ('1_57_8', '1_57', '1_57', '1_57_9', 'Leaf');
INSERT INTO LN   VALUES ('1_57_8', 'Term');
INSERT INTO T    VALUES ('1_57_8', 'STRING_LITERAL', '_on');
INSERT INTO N    VALUES ('1_57_9', '1_57', '1_57', '1_57_10', 'Leaf');
INSERT INTO LN   VALUES ('1_57_9', 'Term');
INSERT INTO T    VALUES ('1_57_9', 'BANG', '!');
INSERT INTO N    VALUES ('1_57_10', '1_57', '1_57', '1_57_11', 'Leaf');
INSERT INTO LN   VALUES ('1_57_10', 'Term');
INSERT INTO T    VALUES ('1_57_10', 'OR', '|');
INSERT INTO N    VALUES ('1_57_11', '1_57', '1_57', '1_57_12', 'Leaf');
INSERT INTO LN   VALUES ('1_57_11', 'Term');
INSERT INTO T    VALUES ('1_57_11', 'STRING_LITERAL', '_off');
INSERT INTO N    VALUES ('1_57_12', '1_57', '1_57', '1_57_13', 'Leaf');
INSERT INTO LN   VALUES ('1_57_12', 'Term');
INSERT INTO T    VALUES ('1_57_12', 'BANG', '!');
INSERT INTO N    VALUES ('1_57_13', '1_57', '1_57', '1_57_14', 'Leaf');
INSERT INTO LN   VALUES ('1_57_13', 'Term');
INSERT INTO T    VALUES ('1_57_13', 'OR', '|');
INSERT INTO N    VALUES ('1_57_14', '1_57', '1_57', '1_57_15', 'Leaf');
INSERT INTO LN   VALUES ('1_57_14', 'Term');
INSERT INTO T    VALUES ('1_57_14', 'STRING_LITERAL', '_stat');
INSERT INTO N    VALUES ('1_57_15', '1_57', '1_57', '1_57_16', 'Leaf');
INSERT INTO LN   VALUES ('1_57_15', 'Term');
INSERT INTO T    VALUES ('1_57_15', 'BANG', '!');
INSERT INTO N    VALUES ('1_58', '1', '1_58', '1_59', 'Nonleaf');
INSERT INTO NLN  VALUES ('1_58', '1_58_1', 'Rule');
INSERT INTO R    VALUES ('1_58', 'event_spec');
INSERT INTO N    VALUES ('1_58_1', '1_58', '1_58', '1_58_2', 'Leaf');
INSERT INTO LN   VALUES ('1_58_1', 'Term');
INSERT INTO T    VALUES ('1_58_1', 'COLON', ':');
INSERT INTO N    VALUES ('1_58_2', '1_58', '1_58', '1_58_3', 'Leaf');
INSERT INTO LN   VALUES ('1_58_2', 'Rref');
INSERT INTO RR   VALUES ('1_58_2', 'event_label');
INSERT INTO N    VALUES ('1_58_3', '1_58', '1_58', '1_58_4', 'Nonleaf');
INSERT INTO NLN  VALUES ('1_58_3', '1_58_3_1', 'Ebnf');
INSERT INTO EBNF VALUES ('1_58_3', '?');
INSERT INTO N    VALUES ('1_58_3_1', '1_58_3', '1_58', '1_58_3_2', 'Leaf');
INSERT INTO LN   VALUES ('1_58_3_1', 'Term');
INSERT INTO T    VALUES ('1_58_3_1', 'TOKEN_REF', 'TOK_TIMES');
INSERT INTO N    VALUES ('1_58_4', '1_58', '1_58', '1_58_5', 'Nonleaf');
INSERT INTO NLN  VALUES ('1_58_4', '1_58_4_1', 'Ebnf');
INSERT INTO EBNF VALUES ('1_58_4', '?');
INSERT INTO N    VALUES ('1_58_4_1', '1_58_4', '1_58', '1_58_4_2', 'Leaf');
INSERT INTO LN   VALUES ('1_58_4_1', 'Term');
INSERT INTO T    VALUES ('1_58_4_1', 'TOKEN_REF', 'TOK_COLON');
INSERT INTO N    VALUES ('1_58_4_2', '1_58_4', '1_58', '1_58_4_3', 'Leaf');
INSERT INTO LN   VALUES ('1_58_4_2', 'Term');
INSERT INTO T    VALUES ('1_58_4_2', 'BANG', '!');
INSERT INTO N    VALUES ('1_58_4_3', '1_58_4', '1_58', '1_58_4_4', 'Leaf');
INSERT INTO LN   VALUES ('1_58_4_3', 'Rref');
INSERT INTO RR   VALUES ('1_58_4_3', 'event_meaning');
INSERT INTO N    VALUES ('1_58_5', '1_58', '1_58', '1_58_6', 'Nonleaf');
INSERT INTO NLN  VALUES ('1_58_5', '1_58_5_1', 'Ebnf');
INSERT INTO EBNF VALUES ('1_58_5', '?');
INSERT INTO N    VALUES ('1_58_5_1', '1_58_5', '1_58', '1_58_5_2', 'Leaf');
INSERT INTO LN   VALUES ('1_58_5_1', 'Term');
INSERT INTO T    VALUES ('1_58_5_1', 'TOKEN_REF', 'TOK_LPAREN');
INSERT INTO N    VALUES ('1_58_5_2', '1_58_5', '1_58', '1_58_5_3', 'Leaf');
INSERT INTO LN   VALUES ('1_58_5_2', 'Term');
INSERT INTO T    VALUES ('1_58_5_2', 'BANG', '!');
INSERT INTO N    VALUES ('1_58_5_3', '1_58_5', '1_58', '1_58_5_4', 'Nonleaf');
INSERT INTO NLN  VALUES ('1_58_5_3', '1_58_5_3_1', 'Ebnf');
INSERT INTO EBNF VALUES ('1_58_5_3', '?');
INSERT INTO N    VALUES ('1_58_5_3_1', '1_58_5_3', '1_58', '1_58_5_3_2', 'Leaf');
INSERT INTO LN   VALUES ('1_58_5_3_1', 'Rref');
INSERT INTO RR   VALUES ('1_58_5_3_1', 'supp_data');
INSERT INTO N    VALUES ('1_58_5_4', '1_58_5', '1_58', '1_58_5_5', 'Leaf');
INSERT INTO LN   VALUES ('1_58_5_4', 'Term');
INSERT INTO T    VALUES ('1_58_5_4', 'TOKEN_REF', 'TOK_RPAREN');
INSERT INTO N    VALUES ('1_58_5_5', '1_58_5', '1_58', '1_58_5_6', 'Leaf');
INSERT INTO LN   VALUES ('1_58_5_5', 'Term');
INSERT INTO T    VALUES ('1_58_5_5', 'BANG', '!');
INSERT INTO N    VALUES ('1_58_6', '1_58', '1_58', '1_58_7', 'Leaf');
INSERT INTO LN   VALUES ('1_58_6', 'Term');
INSERT INTO T    VALUES ('1_58_6', 'STRING_LITERAL', 'to');
INSERT INTO N    VALUES ('1_58_7', '1_58', '1_58', '1_58_8', 'Leaf');
INSERT INTO LN   VALUES ('1_58_7', 'Term');
INSERT INTO T    VALUES ('1_58_7', 'BANG', '!');
INSERT INTO N    VALUES ('1_58_8', '1_58', '1_58', '1_58_9', 'Nonleaf');
INSERT INTO NLN  VALUES ('1_58_8', '1_58_8_1', 'Ebnf');
INSERT INTO EBNF VALUES ('1_58_8', '');
INSERT INTO N    VALUES ('1_58_8_1', '1_58_8', '1_58', '1_58_8_2', 'Nonleaf');
INSERT INTO NLN  VALUES ('1_58_8_1', '1_58_8_1_1', 'Ebnf');
INSERT INTO EBNF VALUES ('1_58_8_1', '');
INSERT INTO N    VALUES ('1_58_8_1_1', '1_58_8_1', '1_58', '1_58_8_1_2', 'Nonleaf');
INSERT INTO NLN  VALUES ('1_58_8_1_1', '1_58_8_1_1_1', 'Ebnf');
INSERT INTO EBNF VALUES ('1_58_8_1_1', '=>');
INSERT INTO N    VALUES ('1_58_8_1_1_1', '1_58_8_1_1', '1_58', '1_58_8_1_1_2', 'Leaf');
INSERT INTO LN   VALUES ('1_58_8_1_1_1', 'Rref');
INSERT INTO RR   VALUES ('1_58_8_1_1_1', 'object_keyletters');
INSERT INTO N    VALUES ('1_58_8_1_1_2', '1_58_8_1_1', '1_58', '1_58_8_1_1_3', 'Nonleaf');
INSERT INTO NLN  VALUES ('1_58_8_1_1_2', '1_58_8_1_1_2_1', 'Ebnf');
INSERT INTO EBNF VALUES ('1_58_8_1_1_2', '');
INSERT INTO N    VALUES ('1_58_8_1_1_2_1', '1_58_8_1_1_2', '1_58', '1_58_8_1_1_2_2', 'Leaf');
INSERT INTO LN   VALUES ('1_58_8_1_1_2_1', 'Term');
INSERT INTO T    VALUES ('1_58_8_1_1_2_1', 'STRING_LITERAL', 'assigner');
INSERT INTO N    VALUES ('1_58_8_1_1_2_2', '1_58_8_1_1_2', '1_58', '1_58_8_1_1_2_3', 'Leaf');
INSERT INTO LN   VALUES ('1_58_8_1_1_2_2', 'Term');
INSERT INTO T    VALUES ('1_58_8_1_1_2_2', 'OR', '|');
INSERT INTO N    VALUES ('1_58_8_1_1_2_3', '1_58_8_1_1_2', '1_58', '1_58_8_1_1_2_4', 'Leaf');
INSERT INTO LN   VALUES ('1_58_8_1_1_2_3', 'Term');
INSERT INTO T    VALUES ('1_58_8_1_1_2_3', 'STRING_LITERAL', 'class');
INSERT INTO N    VALUES ('1_58_8_1_2', '1_58_8_1', '1_58', '1_58_8_1_3', 'Leaf');
INSERT INTO LN   VALUES ('1_58_8_1_2', 'Rref');
INSERT INTO RR   VALUES ('1_58_8_1_2', 'object_keyletters');
INSERT INTO N    VALUES ('1_58_8_1_3', '1_58_8_1', '1_58', '1_58_8_1_4', 'Nonleaf');
INSERT INTO NLN  VALUES ('1_58_8_1_3', '1_58_8_1_3_1', 'Ebnf');
INSERT INTO EBNF VALUES ('1_58_8_1_3', '');
INSERT INTO N    VALUES ('1_58_8_1_3_1', '1_58_8_1_3', '1_58', '1_58_8_1_3_2', 'Leaf');
INSERT INTO LN   VALUES ('1_58_8_1_3_1', 'Term');
INSERT INTO T    VALUES ('1_58_8_1_3_1', 'STRING_LITERAL', 'assigner');
INSERT INTO N    VALUES ('1_58_8_1_3_2', '1_58_8_1_3', '1_58', '1_58_8_1_3_3', 'Leaf');
INSERT INTO LN   VALUES ('1_58_8_1_3_2', 'Term');
INSERT INTO T    VALUES ('1_58_8_1_3_2', 'OR', '|');
INSERT INTO N    VALUES ('1_58_8_1_3_3', '1_58_8_1_3', '1_58', '1_58_8_1_3_4', 'Leaf');
INSERT INTO LN   VALUES ('1_58_8_1_3_3', 'Term');
INSERT INTO T    VALUES ('1_58_8_1_3_3', 'STRING_LITERAL', 'class');
INSERT INTO N    VALUES ('1_58_8_1_4', '1_58_8_1', '1_58', '1_58_8_1_5', 'Leaf');
INSERT INTO LN   VALUES ('1_58_8_1_4', 'Term');
INSERT INTO T    VALUES ('1_58_8_1_4', 'OR', '|');
INSERT INTO N    VALUES ('1_58_8_1_5', '1_58_8_1', '1_58', '1_58_8_1_6', 'Leaf');
INSERT INTO LN   VALUES ('1_58_8_1_5', 'Rref');
INSERT INTO RR   VALUES ('1_58_8_1_5', 'object_keyletters');
INSERT INTO N    VALUES ('1_58_8_1_6', '1_58_8_1', '1_58', '1_58_8_1_7', 'Leaf');
INSERT INTO LN   VALUES ('1_58_8_1_6', 'Term');
INSERT INTO T    VALUES ('1_58_8_1_6', 'STRING_LITERAL', 'creator');
INSERT INTO N    VALUES ('1_58_8_2', '1_58_8', '1_58', '1_58_8_3', 'Leaf');
INSERT INTO LN   VALUES ('1_58_8_2', 'Term');
INSERT INTO T    VALUES ('1_58_8_2', 'OR', '|');
INSERT INTO N    VALUES ('1_58_8_3', '1_58_8', '1_58', '1_58_8_4', 'Nonleaf');
INSERT INTO NLN  VALUES ('1_58_8_3', '1_58_8_3_1', 'Ebnf');
INSERT INTO EBNF VALUES ('1_58_8_3', '');
INSERT INTO N    VALUES ('1_58_8_3_1', '1_58_8_3', '1_58', '1_58_8_3_2', 'Leaf');
INSERT INTO LN   VALUES ('1_58_8_3_1', 'Rref');
INSERT INTO RR   VALUES ('1_58_8_3_1', 'inst_ref_var_or_ee_keyletters');
INSERT INTO N    VALUES ('1_59', '1', '1_59', '1_60', 'Nonleaf');
INSERT INTO NLN  VALUES ('1_59', '1_59_1', 'Rule');
INSERT INTO R    VALUES ('1_59', 'invocation_parameters');
INSERT INTO N    VALUES ('1_59_1', '1_59', '1_59', '1_59_2', 'Leaf');
INSERT INTO LN   VALUES ('1_59_1', 'Term');
INSERT INTO T    VALUES ('1_59_1', 'COLON', ':');
INSERT INTO N    VALUES ('1_59_2', '1_59', '1_59', '1_59_3', 'Leaf');
INSERT INTO LN   VALUES ('1_59_2', 'Rref');
INSERT INTO RR   VALUES ('1_59_2', 'data_item');
INSERT INTO N    VALUES ('1_59_3', '1_59', '1_59', '1_59_4', 'Leaf');
INSERT INTO LN   VALUES ('1_59_3', 'Term');
INSERT INTO T    VALUES ('1_59_3', 'ARG_ACTION', 'false');
INSERT INTO N    VALUES ('1_59_4', '1_59', '1_59', '1_59_5', 'Leaf');
INSERT INTO LN   VALUES ('1_59_4', 'Term');
INSERT INTO T    VALUES ('1_59_4', 'TOKEN_REF', 'TOK_COLON');
INSERT INTO N    VALUES ('1_59_5', '1_59', '1_59', '1_59_6', 'Leaf');
INSERT INTO LN   VALUES ('1_59_5', 'Term');
INSERT INTO T    VALUES ('1_59_5', 'BANG', '!');
INSERT INTO N    VALUES ('1_59_6', '1_59', '1_59', '1_59_7', 'Leaf');
INSERT INTO LN   VALUES ('1_59_6', 'Rref');
INSERT INTO RR   VALUES ('1_59_6', 'expr');
INSERT INTO N    VALUES ('1_59_7', '1_59', '1_59', '1_59_8', 'Nonleaf');
INSERT INTO NLN  VALUES ('1_59_7', '1_59_7_1', 'Ebnf');
INSERT INTO EBNF VALUES ('1_59_7', '*');
INSERT INTO N    VALUES ('1_59_7_1', '1_59_7', '1_59', '1_59_7_2', 'Leaf');
INSERT INTO LN   VALUES ('1_59_7_1', 'Term');
INSERT INTO T    VALUES ('1_59_7_1', 'TOKEN_REF', 'TOK_COMMA');
INSERT INTO N    VALUES ('1_59_7_2', '1_59_7', '1_59', '1_59_7_3', 'Leaf');
INSERT INTO LN   VALUES ('1_59_7_2', 'Term');
INSERT INTO T    VALUES ('1_59_7_2', 'BANG', '!');
INSERT INTO N    VALUES ('1_59_7_3', '1_59_7', '1_59', '1_59_7_4', 'Leaf');
INSERT INTO LN   VALUES ('1_59_7_3', 'Rref');
INSERT INTO RR   VALUES ('1_59_7_3', 'data_item');
INSERT INTO N    VALUES ('1_59_7_4', '1_59_7', '1_59', '1_59_7_5', 'Leaf');
INSERT INTO LN   VALUES ('1_59_7_4', 'Term');
INSERT INTO T    VALUES ('1_59_7_4', 'ARG_ACTION', 'false');
INSERT INTO N    VALUES ('1_59_7_5', '1_59_7', '1_59', '1_59_7_6', 'Leaf');
INSERT INTO LN   VALUES ('1_59_7_5', 'Term');
INSERT INTO T    VALUES ('1_59_7_5', 'TOKEN_REF', 'TOK_COLON');
INSERT INTO N    VALUES ('1_59_7_6', '1_59_7', '1_59', '1_59_7_7', 'Leaf');
INSERT INTO LN   VALUES ('1_59_7_6', 'Term');
INSERT INTO T    VALUES ('1_59_7_6', 'BANG', '!');
INSERT INTO N    VALUES ('1_59_7_7', '1_59_7', '1_59', '1_59_7_8', 'Leaf');
INSERT INTO LN   VALUES ('1_59_7_7', 'Rref');
INSERT INTO RR   VALUES ('1_59_7_7', 'expr');
INSERT INTO N    VALUES ('1_60', '1', '1_60', '1_61', 'Nonleaf');
INSERT INTO NLN  VALUES ('1_60', '1_60_1', 'Rule');
INSERT INTO R    VALUES ('1_60', 'inst_ref_var_or_ee_keyletters');
INSERT INTO N    VALUES ('1_60_1', '1_60', '1_60', '1_60_2', 'Leaf');
INSERT INTO LN   VALUES ('1_60_1', 'Term');
INSERT INTO T    VALUES ('1_60_1', 'BANG', '!');
INSERT INTO N    VALUES ('1_60_2', '1_60', '1_60', '1_60_3', 'Leaf');
INSERT INTO LN   VALUES ('1_60_2', 'Term');
INSERT INTO T    VALUES ('1_60_2', 'COLON', ':');
INSERT INTO N    VALUES ('1_60_3', '1_60', '1_60', '1_60_4', 'Nonleaf');
INSERT INTO NLN  VALUES ('1_60_3', '1_60_3_1', 'Ebnf');
INSERT INTO EBNF VALUES ('1_60_3', '');
INSERT INTO N    VALUES ('1_60_3_1', '1_60_3', '1_60', '1_60_3_2', 'Leaf');
INSERT INTO LN   VALUES ('1_60_3_1', 'Rref');
INSERT INTO RR   VALUES ('1_60_3_1', 'local_variable');
INSERT INTO N    VALUES ('1_60_3_2', '1_60_3', '1_60', '1_60_3_3', 'Leaf');
INSERT INTO LN   VALUES ('1_60_3_2', 'Term');
INSERT INTO T    VALUES ('1_60_3_2', 'ARG_ACTION', 'false');
INSERT INTO N    VALUES ('1_60_3_3', '1_60_3', '1_60', '1_60_3_4', 'Leaf');
INSERT INTO LN   VALUES ('1_60_3_3', 'Term');
INSERT INTO T    VALUES ('1_60_3_3', 'OR', '|');
INSERT INTO N    VALUES ('1_60_3_4', '1_60_3', '1_60', '1_60_3_5', 'Leaf');
INSERT INTO LN   VALUES ('1_60_3_4', 'Term');
INSERT INTO T    VALUES ('1_60_3_4', 'TOKEN_REF', 'TOK_GENERAL_NAME');
INSERT INTO N    VALUES ('1_60_3_5', '1_60_3', '1_60', '1_60_3_6', 'Leaf');
INSERT INTO LN   VALUES ('1_60_3_5', 'Term');
INSERT INTO T    VALUES ('1_60_3_5', 'OR', '|');
INSERT INTO N    VALUES ('1_60_3_6', '1_60_3', '1_60', '1_60_3_7', 'Leaf');
INSERT INTO LN   VALUES ('1_60_3_6', 'Rref');
INSERT INTO RR   VALUES ('1_60_3_6', 'kw_as_id2');
INSERT INTO N    VALUES ('1_61', '1', '1_61', '1_62', 'Nonleaf');
INSERT INTO NLN  VALUES ('1_61', '1_61_1', 'Rule');
INSERT INTO R    VALUES ('1_61', 'interface_or_port_name');
INSERT INTO N    VALUES ('1_61_1', '1_61', '1_61', '1_61_2', 'Leaf');
INSERT INTO LN   VALUES ('1_61_1', 'Term');
INSERT INTO T    VALUES ('1_61_1', 'BANG', '!');
INSERT INTO N    VALUES ('1_61_2', '1_61', '1_61', '1_61_3', 'Leaf');
INSERT INTO LN   VALUES ('1_61_2', 'Term');
INSERT INTO T    VALUES ('1_61_2', 'COLON', ':');
INSERT INTO N    VALUES ('1_61_3', '1_61', '1_61', '1_61_4', 'Leaf');
INSERT INTO LN   VALUES ('1_61_3', 'Rref');
INSERT INTO RR   VALUES ('1_61_3', 'general_name');
INSERT INTO N    VALUES ('1_62', '1', '1_62', '1_63', 'Nonleaf');
INSERT INTO NLN  VALUES ('1_62', '1_62_1', 'Rule');
INSERT INTO R    VALUES ('1_62', 'message_name');
INSERT INTO N    VALUES ('1_62_1', '1_62', '1_62', '1_62_2', 'Leaf');
INSERT INTO LN   VALUES ('1_62_1', 'Term');
INSERT INTO T    VALUES ('1_62_1', 'BANG', '!');
INSERT INTO N    VALUES ('1_62_2', '1_62', '1_62', '1_62_3', 'Leaf');
INSERT INTO LN   VALUES ('1_62_2', 'Term');
INSERT INTO T    VALUES ('1_62_2', 'COLON', ':');
INSERT INTO N    VALUES ('1_62_3', '1_62', '1_62', '1_62_4', 'Leaf');
INSERT INTO LN   VALUES ('1_62_3', 'Rref');
INSERT INTO RR   VALUES ('1_62_3', 'general_name');
INSERT INTO N    VALUES ('1_63', '1', '1_63', '1_64', 'Nonleaf');
INSERT INTO NLN  VALUES ('1_63', '1_63_1', 'Rule');
INSERT INTO R    VALUES ('1_63', 'instance_chain');
INSERT INTO N    VALUES ('1_63_1', '1_63', '1_63', '1_63_2', 'Leaf');
INSERT INTO LN   VALUES ('1_63_1', 'Term');
INSERT INTO T    VALUES ('1_63_1', 'COLON', ':');
INSERT INTO N    VALUES ('1_63_2', '1_63', '1_63', '1_63_3', 'Nonleaf');
INSERT INTO NLN  VALUES ('1_63_2', '1_63_2_1', 'Ebnf');
INSERT INTO EBNF VALUES ('1_63_2', '+');
INSERT INTO N    VALUES ('1_63_2_1', '1_63_2', '1_63', '1_63_2_2', 'Leaf');
INSERT INTO LN   VALUES ('1_63_2_1', 'Term');
INSERT INTO T    VALUES ('1_63_2_1', 'TOKEN_REF', 'TOK_ARROW');
INSERT INTO N    VALUES ('1_63_2_2', '1_63_2', '1_63', '1_63_2_3', 'Leaf');
INSERT INTO LN   VALUES ('1_63_2_2', 'Term');
INSERT INTO T    VALUES ('1_63_2_2', 'BANG', '!');
INSERT INTO N    VALUES ('1_63_2_3', '1_63_2', '1_63', '1_63_2_4', 'Leaf');
INSERT INTO LN   VALUES ('1_63_2_3', 'Rref');
INSERT INTO RR   VALUES ('1_63_2_3', 'object_keyletters');
INSERT INTO N    VALUES ('1_63_2_4', '1_63_2', '1_63', '1_63_2_5', 'Leaf');
INSERT INTO LN   VALUES ('1_63_2_4', 'Term');
INSERT INTO T    VALUES ('1_63_2_4', 'TOKEN_REF', 'TOK_LSQBR');
INSERT INTO N    VALUES ('1_63_2_5', '1_63_2', '1_63', '1_63_2_6', 'Leaf');
INSERT INTO LN   VALUES ('1_63_2_5', 'Term');
INSERT INTO T    VALUES ('1_63_2_5', 'BANG', '!');
INSERT INTO N    VALUES ('1_63_2_6', '1_63_2', '1_63', '1_63_2_7', 'Leaf');
INSERT INTO LN   VALUES ('1_63_2_6', 'Rref');
INSERT INTO RR   VALUES ('1_63_2_6', 'relationship');
INSERT INTO N    VALUES ('1_63_2_7', '1_63_2', '1_63', '1_63_2_8', 'Nonleaf');
INSERT INTO NLN  VALUES ('1_63_2_7', '1_63_2_7_1', 'Ebnf');
INSERT INTO EBNF VALUES ('1_63_2_7', '?');
INSERT INTO N    VALUES ('1_63_2_7_1', '1_63_2_7', '1_63', '1_63_2_7_2', 'Leaf');
INSERT INTO LN   VALUES ('1_63_2_7_1', 'Term');
INSERT INTO T    VALUES ('1_63_2_7_1', 'TOKEN_REF', 'TOK_DOT');
INSERT INTO N    VALUES ('1_63_2_7_2', '1_63_2_7', '1_63', '1_63_2_7_3', 'Leaf');
INSERT INTO LN   VALUES ('1_63_2_7_2', 'Term');
INSERT INTO T    VALUES ('1_63_2_7_2', 'BANG', '!');
INSERT INTO N    VALUES ('1_63_2_7_3', '1_63_2_7', '1_63', '1_63_2_7_4', 'Leaf');
INSERT INTO LN   VALUES ('1_63_2_7_3', 'Rref');
INSERT INTO RR   VALUES ('1_63_2_7_3', 'phrase');
INSERT INTO N    VALUES ('1_63_2_8', '1_63_2', '1_63', '1_63_2_9', 'Leaf');
INSERT INTO LN   VALUES ('1_63_2_8', 'Term');
INSERT INTO T    VALUES ('1_63_2_8', 'TOKEN_REF', 'TOK_RSQBR');
INSERT INTO N    VALUES ('1_63_2_9', '1_63_2', '1_63', '1_63_2_10', 'Leaf');
INSERT INTO LN   VALUES ('1_63_2_9', 'Term');
INSERT INTO T    VALUES ('1_63_2_9', 'BANG', '!');
INSERT INTO N    VALUES ('1_64', '1', '1_64', '1_65', 'Nonleaf');
INSERT INTO NLN  VALUES ('1_64', '1_64_1', 'Rule');
INSERT INTO R    VALUES ('1_64', 'object_spec');
INSERT INTO N    VALUES ('1_64_1', '1_64', '1_64', '1_64_2', 'Leaf');
INSERT INTO LN   VALUES ('1_64_1', 'Term');
INSERT INTO T    VALUES ('1_64_1', 'COLON', ':');
INSERT INTO N    VALUES ('1_64_2', '1_64', '1_64', '1_64_3', 'Nonleaf');
INSERT INTO NLN  VALUES ('1_64_2', '1_64_2_1', 'Ebnf');
INSERT INTO EBNF VALUES ('1_64_2', '');
INSERT INTO N    VALUES ('1_64_2_1', '1_64_2', '1_64', '1_64_2_2', 'Leaf');
INSERT INTO LN   VALUES ('1_64_2_1', 'Term');
INSERT INTO T    VALUES ('1_64_2_1', 'STRING_LITERAL', 'related');
INSERT INTO N    VALUES ('1_64_2_2', '1_64_2', '1_64', '1_64_2_3', 'Leaf');
INSERT INTO LN   VALUES ('1_64_2_2', 'Term');
INSERT INTO T    VALUES ('1_64_2_2', 'BANG', '!');
INSERT INTO N    VALUES ('1_64_2_3', '1_64_2', '1_64', '1_64_2_4', 'Leaf');
INSERT INTO LN   VALUES ('1_64_2_3', 'Term');
INSERT INTO T    VALUES ('1_64_2_3', 'STRING_LITERAL', 'by');
INSERT INTO N    VALUES ('1_64_2_4', '1_64_2', '1_64', '1_64_2_5', 'Leaf');
INSERT INTO LN   VALUES ('1_64_2_4', 'Term');
INSERT INTO T    VALUES ('1_64_2_4', 'BANG', '!');
INSERT INTO N    VALUES ('1_64_2_5', '1_64_2', '1_64', '1_64_2_6', 'Leaf');
INSERT INTO LN   VALUES ('1_64_2_5', 'Rref');
INSERT INTO RR   VALUES ('1_64_2_5', 'local_variable');
INSERT INTO N    VALUES ('1_64_2_6', '1_64_2', '1_64', '1_64_2_7', 'Leaf');
INSERT INTO LN   VALUES ('1_64_2_6', 'Term');
INSERT INTO T    VALUES ('1_64_2_6', 'ARG_ACTION', 'false');
INSERT INTO N    VALUES ('1_64_2_7', '1_64_2', '1_64', '1_64_2_8', 'Leaf');
INSERT INTO LN   VALUES ('1_64_2_7', 'Rref');
INSERT INTO RR   VALUES ('1_64_2_7', 'instance_chain');
INSERT INTO N    VALUES ('1_64_2_8', '1_64_2', '1_64', '1_64_2_9', 'Nonleaf');
INSERT INTO NLN  VALUES ('1_64_2_8', '1_64_2_8_1', 'Ebnf');
INSERT INTO EBNF VALUES ('1_64_2_8', '?');
INSERT INTO N    VALUES ('1_64_2_8_1', '1_64_2_8', '1_64', '1_64_2_8_2', 'Leaf');
INSERT INTO LN   VALUES ('1_64_2_8_1', 'Rref');
INSERT INTO RR   VALUES ('1_64_2_8_1', 'where_spec');
INSERT INTO N    VALUES ('1_64_2_8_2', '1_64_2_8', '1_64', '1_64_2_8_3', 'Leaf');
INSERT INTO LN   VALUES ('1_64_2_8_2', 'Term');
INSERT INTO T    VALUES ('1_64_2_8_2', 'ARG_ACTION', 'true');
INSERT INTO N    VALUES ('1_64_2_9', '1_64_2', '1_64', '1_64_2_10', 'Leaf');
INSERT INTO LN   VALUES ('1_64_2_9', 'Term');
INSERT INTO T    VALUES ('1_64_2_9', 'OR', '|');
INSERT INTO N    VALUES ('1_64_2_10', '1_64_2', '1_64', '1_64_2_11', 'Leaf');
INSERT INTO LN   VALUES ('1_64_2_10', 'Term');
INSERT INTO T    VALUES ('1_64_2_10', 'STRING_LITERAL', 'from');
INSERT INTO N    VALUES ('1_64_2_11', '1_64_2', '1_64', '1_64_2_12', 'Leaf');
INSERT INTO LN   VALUES ('1_64_2_11', 'Term');
INSERT INTO T    VALUES ('1_64_2_11', 'BANG', '!');
INSERT INTO N    VALUES ('1_64_2_12', '1_64_2', '1_64', '1_64_2_13', 'Nonleaf');
INSERT INTO NLN  VALUES ('1_64_2_12', '1_64_2_12_1', 'Ebnf');
INSERT INTO EBNF VALUES ('1_64_2_12', '?');
INSERT INTO N    VALUES ('1_64_2_12_1', '1_64_2_12', '1_64', '1_64_2_12_2', 'Leaf');
INSERT INTO LN   VALUES ('1_64_2_12_1', 'Term');
INSERT INTO T    VALUES ('1_64_2_12_1', 'STRING_LITERAL', 'instances');
INSERT INTO N    VALUES ('1_64_2_12_2', '1_64_2_12', '1_64', '1_64_2_12_3', 'Leaf');
INSERT INTO LN   VALUES ('1_64_2_12_2', 'Term');
INSERT INTO T    VALUES ('1_64_2_12_2', 'BANG', '!');
INSERT INTO N    VALUES ('1_64_2_12_3', '1_64_2_12', '1_64', '1_64_2_12_4', 'Leaf');
INSERT INTO LN   VALUES ('1_64_2_12_3', 'Term');
INSERT INTO T    VALUES ('1_64_2_12_3', 'STRING_LITERAL', 'of');
INSERT INTO N    VALUES ('1_64_2_12_4', '1_64_2_12', '1_64', '1_64_2_12_5', 'Leaf');
INSERT INTO LN   VALUES ('1_64_2_12_4', 'Term');
INSERT INTO T    VALUES ('1_64_2_12_4', 'BANG', '!');
INSERT INTO N    VALUES ('1_64_2_13', '1_64_2', '1_64', '1_64_2_14', 'Leaf');
INSERT INTO LN   VALUES ('1_64_2_13', 'Rref');
INSERT INTO RR   VALUES ('1_64_2_13', 'object_keyletters');
INSERT INTO N    VALUES ('1_64_2_14', '1_64_2', '1_64', '1_64_2_15', 'Nonleaf');
INSERT INTO NLN  VALUES ('1_64_2_14', '1_64_2_14_1', 'Ebnf');
INSERT INTO EBNF VALUES ('1_64_2_14', '?');
INSERT INTO N    VALUES ('1_64_2_14_1', '1_64_2_14', '1_64', '1_64_2_14_2', 'Leaf');
INSERT INTO LN   VALUES ('1_64_2_14_1', 'Rref');
INSERT INTO RR   VALUES ('1_64_2_14_1', 'where_spec');
INSERT INTO N    VALUES ('1_64_2_14_2', '1_64_2_14', '1_64', '1_64_2_14_3', 'Leaf');
INSERT INTO LN   VALUES ('1_64_2_14_2', 'Term');
INSERT INTO T    VALUES ('1_64_2_14_2', 'ARG_ACTION', 'false');
INSERT INTO N    VALUES ('1_65', '1', '1_65', '1_66', 'Nonleaf');
INSERT INTO NLN  VALUES ('1_65', '1_65_1', 'Rule');
INSERT INTO R    VALUES ('1_65', 'supp_data');
INSERT INTO N    VALUES ('1_65_1', '1_65', '1_65', '1_65_2', 'Leaf');
INSERT INTO LN   VALUES ('1_65_1', 'Term');
INSERT INTO T    VALUES ('1_65_1', 'COLON', ':');
INSERT INTO N    VALUES ('1_65_2', '1_65', '1_65', '1_65_3', 'Leaf');
INSERT INTO LN   VALUES ('1_65_2', 'Rref');
INSERT INTO RR   VALUES ('1_65_2', 'supp_data_item');
INSERT INTO N    VALUES ('1_65_3', '1_65', '1_65', '1_65_4', 'Leaf');
INSERT INTO LN   VALUES ('1_65_3', 'Term');
INSERT INTO T    VALUES ('1_65_3', 'TOKEN_REF', 'TOK_COLON');
INSERT INTO N    VALUES ('1_65_4', '1_65', '1_65', '1_65_5', 'Leaf');
INSERT INTO LN   VALUES ('1_65_4', 'Term');
INSERT INTO T    VALUES ('1_65_4', 'BANG', '!');
INSERT INTO N    VALUES ('1_65_5', '1_65', '1_65', '1_65_6', 'Leaf');
INSERT INTO LN   VALUES ('1_65_5', 'Rref');
INSERT INTO RR   VALUES ('1_65_5', 'expr');
INSERT INTO N    VALUES ('1_65_6', '1_65', '1_65', '1_65_7', 'Nonleaf');
INSERT INTO NLN  VALUES ('1_65_6', '1_65_6_1', 'Ebnf');
INSERT INTO EBNF VALUES ('1_65_6', '*');
INSERT INTO N    VALUES ('1_65_6_1', '1_65_6', '1_65', '1_65_6_2', 'Leaf');
INSERT INTO LN   VALUES ('1_65_6_1', 'Term');
INSERT INTO T    VALUES ('1_65_6_1', 'TOKEN_REF', 'TOK_COMMA');
INSERT INTO N    VALUES ('1_65_6_2', '1_65_6', '1_65', '1_65_6_3', 'Leaf');
INSERT INTO LN   VALUES ('1_65_6_2', 'Term');
INSERT INTO T    VALUES ('1_65_6_2', 'BANG', '!');
INSERT INTO N    VALUES ('1_65_6_3', '1_65_6', '1_65', '1_65_6_4', 'Leaf');
INSERT INTO LN   VALUES ('1_65_6_3', 'Rref');
INSERT INTO RR   VALUES ('1_65_6_3', 'supp_data_item');
INSERT INTO N    VALUES ('1_65_6_4', '1_65_6', '1_65', '1_65_6_5', 'Leaf');
INSERT INTO LN   VALUES ('1_65_6_4', 'Term');
INSERT INTO T    VALUES ('1_65_6_4', 'TOKEN_REF', 'TOK_COLON');
INSERT INTO N    VALUES ('1_65_6_5', '1_65_6', '1_65', '1_65_6_6', 'Leaf');
INSERT INTO LN   VALUES ('1_65_6_5', 'Term');
INSERT INTO T    VALUES ('1_65_6_5', 'BANG', '!');
INSERT INTO N    VALUES ('1_65_6_6', '1_65_6', '1_65', '1_65_6_7', 'Leaf');
INSERT INTO LN   VALUES ('1_65_6_6', 'Rref');
INSERT INTO RR   VALUES ('1_65_6_6', 'expr');
INSERT INTO N    VALUES ('1_66', '1', '1_66', '1_67', 'Nonleaf');
INSERT INTO NLN  VALUES ('1_66', '1_66_1', 'Rule');
INSERT INTO R    VALUES ('1_66', 'function_invocation');
INSERT INTO N    VALUES ('1_66_1', '1_66', '1_66', '1_66_2', 'Leaf');
INSERT INTO LN   VALUES ('1_66_1', 'Term');
INSERT INTO T    VALUES ('1_66_1', 'ARG_ACTION', 'boolean isRval');
INSERT INTO N    VALUES ('1_66_2', '1_66', '1_66', '1_66_3', 'Leaf');
INSERT INTO LN   VALUES ('1_66_2', 'Term');
INSERT INTO T    VALUES ('1_66_2', 'COLON', ':');
INSERT INTO N    VALUES ('1_66_3', '1_66', '1_66', '1_66_4', 'Leaf');
INSERT INTO LN   VALUES ('1_66_3', 'Rref');
INSERT INTO RR   VALUES ('1_66_3', 'function_function');
INSERT INTO N    VALUES ('1_66_4', '1_66', '1_66', '1_66_5', 'Leaf');
INSERT INTO LN   VALUES ('1_66_4', 'Term');
INSERT INTO T    VALUES ('1_66_4', 'TOKEN_REF', 'TOK_LPAREN');
INSERT INTO N    VALUES ('1_66_5', '1_66', '1_66', '1_66_6', 'Leaf');
INSERT INTO LN   VALUES ('1_66_5', 'Term');
INSERT INTO T    VALUES ('1_66_5', 'BANG', '!');
INSERT INTO N    VALUES ('1_66_6', '1_66', '1_66', '1_66_7', 'Nonleaf');
INSERT INTO NLN  VALUES ('1_66_6', '1_66_6_1', 'Ebnf');
INSERT INTO EBNF VALUES ('1_66_6', '?');
INSERT INTO N    VALUES ('1_66_6_1', '1_66_6', '1_66', '1_66_6_2', 'Leaf');
INSERT INTO LN   VALUES ('1_66_6_1', 'Rref');
INSERT INTO RR   VALUES ('1_66_6_1', 'invocation_parameters');
INSERT INTO N    VALUES ('1_66_7', '1_66', '1_66', '1_66_8', 'Leaf');
INSERT INTO LN   VALUES ('1_66_7', 'Term');
INSERT INTO T    VALUES ('1_66_7', 'TOKEN_REF', 'TOK_RPAREN');
INSERT INTO N    VALUES ('1_66_8', '1_66', '1_66', '1_66_9', 'Leaf');
INSERT INTO LN   VALUES ('1_66_8', 'Term');
INSERT INTO T    VALUES ('1_66_8', 'BANG', '!');
INSERT INTO N    VALUES ('1_67', '1', '1_67', '1_68', 'Nonleaf');
INSERT INTO NLN  VALUES ('1_67', '1_67_1', 'Rule');
INSERT INTO R    VALUES ('1_67', 'transform_ib_invocation');
INSERT INTO N    VALUES ('1_67_1', '1_67', '1_67', '1_67_2', 'Leaf');
INSERT INTO LN   VALUES ('1_67_1', 'Term');
INSERT INTO T    VALUES ('1_67_1', 'ARG_ACTION', 'boolean isRval');
INSERT INTO N    VALUES ('1_67_2', '1_67', '1_67', '1_67_3', 'Leaf');
INSERT INTO LN   VALUES ('1_67_2', 'Term');
INSERT INTO T    VALUES ('1_67_2', 'COLON', ':');
INSERT INTO N    VALUES ('1_67_3', '1_67', '1_67', '1_67_4', 'Leaf');
INSERT INTO LN   VALUES ('1_67_3', 'Rref');
INSERT INTO RR   VALUES ('1_67_3', 'inst_ref_var');
INSERT INTO N    VALUES ('1_67_4', '1_67', '1_67', '1_67_5', 'Leaf');
INSERT INTO LN   VALUES ('1_67_4', 'Term');
INSERT INTO T    VALUES ('1_67_4', 'TOKEN_REF', 'TOK_DOT');
INSERT INTO N    VALUES ('1_67_5', '1_67', '1_67', '1_67_6', 'Leaf');
INSERT INTO LN   VALUES ('1_67_5', 'Term');
INSERT INTO T    VALUES ('1_67_5', 'BANG', '!');
INSERT INTO N    VALUES ('1_67_6', '1_67', '1_67', '1_67_7', 'Leaf');
INSERT INTO LN   VALUES ('1_67_6', 'Rref');
INSERT INTO RR   VALUES ('1_67_6', 'transformer_function');
INSERT INTO N    VALUES ('1_67_7', '1_67', '1_67', '1_67_8', 'Leaf');
INSERT INTO LN   VALUES ('1_67_7', 'Term');
INSERT INTO T    VALUES ('1_67_7', 'ARG_ACTION', 'false');
INSERT INTO N    VALUES ('1_67_8', '1_67', '1_67', '1_67_9', 'Leaf');
INSERT INTO LN   VALUES ('1_67_8', 'Term');
INSERT INTO T    VALUES ('1_67_8', 'TOKEN_REF', 'TOK_LPAREN');
INSERT INTO N    VALUES ('1_67_9', '1_67', '1_67', '1_67_10', 'Leaf');
INSERT INTO LN   VALUES ('1_67_9', 'Term');
INSERT INTO T    VALUES ('1_67_9', 'BANG', '!');
INSERT INTO N    VALUES ('1_67_10', '1_67', '1_67', '1_67_11', 'Nonleaf');
INSERT INTO NLN  VALUES ('1_67_10', '1_67_10_1', 'Ebnf');
INSERT INTO EBNF VALUES ('1_67_10', '?');
INSERT INTO N    VALUES ('1_67_10_1', '1_67_10', '1_67', '1_67_10_2', 'Leaf');
INSERT INTO LN   VALUES ('1_67_10_1', 'Rref');
INSERT INTO RR   VALUES ('1_67_10_1', 'invocation_parameters');
INSERT INTO N    VALUES ('1_67_11', '1_67', '1_67', '1_67_12', 'Leaf');
INSERT INTO LN   VALUES ('1_67_11', 'Term');
INSERT INTO T    VALUES ('1_67_11', 'TOKEN_REF', 'TOK_RPAREN');
INSERT INTO N    VALUES ('1_67_12', '1_67', '1_67', '1_67_13', 'Leaf');
INSERT INTO LN   VALUES ('1_67_12', 'Term');
INSERT INTO T    VALUES ('1_67_12', 'BANG', '!');
INSERT INTO N    VALUES ('1_68', '1', '1_68', '1_69', 'Nonleaf');
INSERT INTO NLN  VALUES ('1_68', '1_68_1', 'Rule');
INSERT INTO R    VALUES ('1_68', 'transform_invocation');
INSERT INTO N    VALUES ('1_68_1', '1_68', '1_68', '1_68_2', 'Leaf');
INSERT INTO LN   VALUES ('1_68_1', 'Term');
INSERT INTO T    VALUES ('1_68_1', 'ARG_ACTION', 'boolean isRval');
INSERT INTO N    VALUES ('1_68_2', '1_68', '1_68', '1_68_3', 'Leaf');
INSERT INTO LN   VALUES ('1_68_2', 'Term');
INSERT INTO T    VALUES ('1_68_2', 'COLON', ':');
INSERT INTO N    VALUES ('1_68_3', '1_68', '1_68', '1_68_4', 'Leaf');
INSERT INTO LN   VALUES ('1_68_3', 'Rref');
INSERT INTO RR   VALUES ('1_68_3', 'object_keyletters');
INSERT INTO N    VALUES ('1_68_4', '1_68', '1_68', '1_68_5', 'Leaf');
INSERT INTO LN   VALUES ('1_68_4', 'Term');
INSERT INTO T    VALUES ('1_68_4', 'TOKEN_REF', 'TOK_DOUBLECOLON');
INSERT INTO N    VALUES ('1_68_5', '1_68', '1_68', '1_68_6', 'Leaf');
INSERT INTO LN   VALUES ('1_68_5', 'Term');
INSERT INTO T    VALUES ('1_68_5', 'BANG', '!');
INSERT INTO N    VALUES ('1_68_6', '1_68', '1_68', '1_68_7', 'Leaf');
INSERT INTO LN   VALUES ('1_68_6', 'Rref');
INSERT INTO RR   VALUES ('1_68_6', 'transformer_function');
INSERT INTO N    VALUES ('1_68_7', '1_68', '1_68', '1_68_8', 'Leaf');
INSERT INTO LN   VALUES ('1_68_7', 'Term');
INSERT INTO T    VALUES ('1_68_7', 'ARG_ACTION', 'true');
INSERT INTO N    VALUES ('1_68_8', '1_68', '1_68', '1_68_9', 'Leaf');
INSERT INTO LN   VALUES ('1_68_8', 'Term');
INSERT INTO T    VALUES ('1_68_8', 'TOKEN_REF', 'TOK_LPAREN');
INSERT INTO N    VALUES ('1_68_9', '1_68', '1_68', '1_68_10', 'Leaf');
INSERT INTO LN   VALUES ('1_68_9', 'Term');
INSERT INTO T    VALUES ('1_68_9', 'BANG', '!');
INSERT INTO N    VALUES ('1_68_10', '1_68', '1_68', '1_68_11', 'Nonleaf');
INSERT INTO NLN  VALUES ('1_68_10', '1_68_10_1', 'Ebnf');
INSERT INTO EBNF VALUES ('1_68_10', '?');
INSERT INTO N    VALUES ('1_68_10_1', '1_68_10', '1_68', '1_68_10_2', 'Leaf');
INSERT INTO LN   VALUES ('1_68_10_1', 'Rref');
INSERT INTO RR   VALUES ('1_68_10_1', 'invocation_parameters');
INSERT INTO N    VALUES ('1_68_11', '1_68', '1_68', '1_68_12', 'Leaf');
INSERT INTO LN   VALUES ('1_68_11', 'Term');
INSERT INTO T    VALUES ('1_68_11', 'TOKEN_REF', 'TOK_RPAREN');
INSERT INTO N    VALUES ('1_68_12', '1_68', '1_68', '1_68_13', 'Leaf');
INSERT INTO LN   VALUES ('1_68_12', 'Term');
INSERT INTO T    VALUES ('1_68_12', 'BANG', '!');
INSERT INTO N    VALUES ('1_69', '1', '1_69', '1_70', 'Nonleaf');
INSERT INTO NLN  VALUES ('1_69', '1_69_1', 'Rule');
INSERT INTO R    VALUES ('1_69', 'where_spec');
INSERT INTO N    VALUES ('1_69_1', '1_69', '1_69', '1_69_2', 'Leaf');
INSERT INTO LN   VALUES ('1_69_1', 'Term');
INSERT INTO T    VALUES ('1_69_1', 'ARG_ACTION', 'boolean isChain');
INSERT INTO N    VALUES ('1_69_2', '1_69', '1_69', '1_69_3', 'Leaf');
INSERT INTO LN   VALUES ('1_69_2', 'Term');
INSERT INTO T    VALUES ('1_69_2', 'COLON', ':');
INSERT INTO N    VALUES ('1_69_3', '1_69', '1_69', '1_69_4', 'Leaf');
INSERT INTO LN   VALUES ('1_69_3', 'Term');
INSERT INTO T    VALUES ('1_69_3', 'STRING_LITERAL', 'where');
INSERT INTO N    VALUES ('1_69_4', '1_69', '1_69', '1_69_5', 'Leaf');
INSERT INTO LN   VALUES ('1_69_4', 'Term');
INSERT INTO T    VALUES ('1_69_4', 'BANG', '!');
INSERT INTO N    VALUES ('1_69_5', '1_69', '1_69', '1_69_6', 'Leaf');
INSERT INTO LN   VALUES ('1_69_5', 'Rref');
INSERT INTO RR   VALUES ('1_69_5', 'expr');
INSERT INTO N    VALUES ('1_70', '1', '1_70', '1_71', 'Nonleaf');
INSERT INTO NLN  VALUES ('1_70', '1_70_1', 'Rule');
INSERT INTO R    VALUES ('1_70', 'assoc_obj_inst_ref_var');
INSERT INTO N    VALUES ('1_70_1', '1_70', '1_70', '1_70_2', 'Leaf');
INSERT INTO LN   VALUES ('1_70_1', 'Term');
INSERT INTO T    VALUES ('1_70_1', 'BANG', '!');
INSERT INTO N    VALUES ('1_70_2', '1_70', '1_70', '1_70_3', 'Leaf');
INSERT INTO LN   VALUES ('1_70_2', 'Term');
INSERT INTO T    VALUES ('1_70_2', 'COLON', ':');
INSERT INTO N    VALUES ('1_70_3', '1_70', '1_70', '1_70_4', 'Leaf');
INSERT INTO LN   VALUES ('1_70_3', 'Rref');
INSERT INTO RR   VALUES ('1_70_3', 'inst_ref_var');
INSERT INTO N    VALUES ('1_71', '1', '1_71', '1_72', 'Nonleaf');
INSERT INTO NLN  VALUES ('1_71', '1_71_1', 'Rule');
INSERT INTO R    VALUES ('1_71', 'bridge_function');
INSERT INTO N    VALUES ('1_71_1', '1_71', '1_71', '1_71_2', 'Leaf');
INSERT INTO LN   VALUES ('1_71_1', 'Term');
INSERT INTO T    VALUES ('1_71_1', 'BANG', '!');
INSERT INTO N    VALUES ('1_71_2', '1_71', '1_71', '1_71_3', 'Leaf');
INSERT INTO LN   VALUES ('1_71_2', 'Term');
INSERT INTO T    VALUES ('1_71_2', 'COLON', ':');
INSERT INTO N    VALUES ('1_71_3', '1_71', '1_71', '1_71_4', 'Leaf');
INSERT INTO LN   VALUES ('1_71_3', 'Rref');
INSERT INTO RR   VALUES ('1_71_3', 'function_name');
INSERT INTO N    VALUES ('1_72', '1', '1_72', '1_73', 'Nonleaf');
INSERT INTO NLN  VALUES ('1_72', '1_72_1', 'Rule');
INSERT INTO R    VALUES ('1_72', 'invocation_function');
INSERT INTO N    VALUES ('1_72_1', '1_72', '1_72', '1_72_2', 'Leaf');
INSERT INTO LN   VALUES ('1_72_1', 'Term');
INSERT INTO T    VALUES ('1_72_1', 'BANG', '!');
INSERT INTO N    VALUES ('1_72_2', '1_72', '1_72', '1_72_3', 'Leaf');
INSERT INTO LN   VALUES ('1_72_2', 'Term');
INSERT INTO T    VALUES ('1_72_2', 'COLON', ':');
INSERT INTO N    VALUES ('1_72_3', '1_72', '1_72', '1_72_4', 'Leaf');
INSERT INTO LN   VALUES ('1_72_3', 'Rref');
INSERT INTO RR   VALUES ('1_72_3', 'function_name');
INSERT INTO N    VALUES ('1_73', '1', '1_73', '1_74', 'Nonleaf');
INSERT INTO NLN  VALUES ('1_73', '1_73_1', 'Rule');
INSERT INTO R    VALUES ('1_73', 'data_item');
INSERT INTO N    VALUES ('1_73_1', '1_73', '1_73', '1_73_2', 'Leaf');
INSERT INTO LN   VALUES ('1_73_1', 'Term');
INSERT INTO T    VALUES ('1_73_1', 'ARG_ACTION', 'boolean isAccess');
INSERT INTO N    VALUES ('1_73_2', '1_73', '1_73', '1_73_3', 'Leaf');
INSERT INTO LN   VALUES ('1_73_2', 'Term');
INSERT INTO T    VALUES ('1_73_2', 'COLON', ':');
INSERT INTO N    VALUES ('1_73_3', '1_73', '1_73', '1_73_4', 'Leaf');
INSERT INTO LN   VALUES ('1_73_3', 'Rref');
INSERT INTO RR   VALUES ('1_73_3', 'data_item_name');
INSERT INTO N    VALUES ('1_74', '1', '1_74', '1_75', 'Nonleaf');
INSERT INTO NLN  VALUES ('1_74', '1_74_1', 'Rule');
INSERT INTO R    VALUES ('1_74', 'data_item_name');
INSERT INTO N    VALUES ('1_74_1', '1_74', '1_74', '1_74_2', 'Leaf');
INSERT INTO LN   VALUES ('1_74_1', 'Term');
INSERT INTO T    VALUES ('1_74_1', 'BANG', '!');
INSERT INTO N    VALUES ('1_74_2', '1_74', '1_74', '1_74_3', 'Leaf');
INSERT INTO LN   VALUES ('1_74_2', 'Term');
INSERT INTO T    VALUES ('1_74_2', 'COLON', ':');
INSERT INTO N    VALUES ('1_74_3', '1_74', '1_74', '1_74_4', 'Leaf');
INSERT INTO LN   VALUES ('1_74_3', 'Rref');
INSERT INTO RR   VALUES ('1_74_3', 'general_name');
INSERT INTO N    VALUES ('1_75', '1', '1_75', '1_76', 'Nonleaf');
INSERT INTO NLN  VALUES ('1_75', '1_75_1', 'Rule');
INSERT INTO R    VALUES ('1_75', 'enum_data_type');
INSERT INTO N    VALUES ('1_75_1', '1_75', '1_75', '1_75_2', 'Leaf');
INSERT INTO LN   VALUES ('1_75_1', 'Term');
INSERT INTO T    VALUES ('1_75_1', 'BANG', '!');
INSERT INTO N    VALUES ('1_75_2', '1_75', '1_75', '1_75_3', 'Leaf');
INSERT INTO LN   VALUES ('1_75_2', 'Term');
INSERT INTO T    VALUES ('1_75_2', 'COLON', ':');
INSERT INTO N    VALUES ('1_75_3', '1_75', '1_75', '1_75_4', 'Leaf');
INSERT INTO LN   VALUES ('1_75_3', 'Rref');
INSERT INTO RR   VALUES ('1_75_3', 'general_name');
INSERT INTO N    VALUES ('1_76', '1', '1_76', '1_77', 'Nonleaf');
INSERT INTO NLN  VALUES ('1_76', '1_76_1', 'Rule');
INSERT INTO R    VALUES ('1_76', 'enumerator');
INSERT INTO N    VALUES ('1_76_1', '1_76', '1_76', '1_76_2', 'Leaf');
INSERT INTO LN   VALUES ('1_76_1', 'Term');
INSERT INTO T    VALUES ('1_76_1', 'BANG', '!');
INSERT INTO N    VALUES ('1_76_2', '1_76', '1_76', '1_76_3', 'Leaf');
INSERT INTO LN   VALUES ('1_76_2', 'Term');
INSERT INTO T    VALUES ('1_76_2', 'COLON', ':');
INSERT INTO N    VALUES ('1_76_3', '1_76', '1_76', '1_76_4', 'Leaf');
INSERT INTO LN   VALUES ('1_76_3', 'Rref');
INSERT INTO RR   VALUES ('1_76_3', 'general_name');
INSERT INTO N    VALUES ('1_77', '1', '1_77', '1_78', 'Nonleaf');
INSERT INTO NLN  VALUES ('1_77', '1_77_1', 'Rule');
INSERT INTO R    VALUES ('1_77', 'keyletters');
INSERT INTO N    VALUES ('1_77_1', '1_77', '1_77', '1_77_2', 'Leaf');
INSERT INTO LN   VALUES ('1_77_1', 'Term');
INSERT INTO T    VALUES ('1_77_1', 'BANG', '!');
INSERT INTO N    VALUES ('1_77_2', '1_77', '1_77', '1_77_3', 'Leaf');
INSERT INTO LN   VALUES ('1_77_2', 'Term');
INSERT INTO T    VALUES ('1_77_2', 'COLON', ':');
INSERT INTO N    VALUES ('1_77_3', '1_77', '1_77', '1_77_4', 'Leaf');
INSERT INTO LN   VALUES ('1_77_3', 'Rref');
INSERT INTO RR   VALUES ('1_77_3', 'general_name');
INSERT INTO N    VALUES ('1_78', '1', '1_78', '1_79', 'Nonleaf');
INSERT INTO NLN  VALUES ('1_78', '1_78_1', 'Rule');
INSERT INTO R    VALUES ('1_78', 'ee_keyletters');
INSERT INTO N    VALUES ('1_78_1', '1_78', '1_78', '1_78_2', 'Leaf');
INSERT INTO LN   VALUES ('1_78_1', 'Term');
INSERT INTO T    VALUES ('1_78_1', 'BANG', '!');
INSERT INTO N    VALUES ('1_78_2', '1_78', '1_78', '1_78_3', 'Leaf');
INSERT INTO LN   VALUES ('1_78_2', 'Term');
INSERT INTO T    VALUES ('1_78_2', 'COLON', ':');
INSERT INTO N    VALUES ('1_78_3', '1_78', '1_78', '1_78_4', 'Leaf');
INSERT INTO LN   VALUES ('1_78_3', 'Rref');
INSERT INTO RR   VALUES ('1_78_3', 'keyletters');
INSERT INTO N    VALUES ('1_79', '1', '1_79', '1_80', 'Nonleaf');
INSERT INTO NLN  VALUES ('1_79', '1_79_1', 'Rule');
INSERT INTO R    VALUES ('1_79', 'event_label');
INSERT INTO N    VALUES ('1_79_1', '1_79', '1_79', '1_79_2', 'Leaf');
INSERT INTO LN   VALUES ('1_79_1', 'Term');
INSERT INTO T    VALUES ('1_79_1', 'BANG', '!');
INSERT INTO N    VALUES ('1_79_2', '1_79', '1_79', '1_79_3', 'Leaf');
INSERT INTO LN   VALUES ('1_79_2', 'Term');
INSERT INTO T    VALUES ('1_79_2', 'COLON', ':');
INSERT INTO N    VALUES ('1_79_3', '1_79', '1_79', '1_79_4', 'Leaf');
INSERT INTO LN   VALUES ('1_79_3', 'Rref');
INSERT INTO RR   VALUES ('1_79_3', 'general_name');
INSERT INTO N    VALUES ('1_80', '1', '1_80', '1_81', 'Nonleaf');
INSERT INTO NLN  VALUES ('1_80', '1_80_1', 'Rule');
INSERT INTO R    VALUES ('1_80', 'event_meaning');
INSERT INTO N    VALUES ('1_80_1', '1_80', '1_80', '1_80_2', 'Leaf');
INSERT INTO LN   VALUES ('1_80_1', 'Term');
INSERT INTO T    VALUES ('1_80_1', 'BANG', '!');
INSERT INTO N    VALUES ('1_80_2', '1_80', '1_80', '1_80_3', 'Leaf');
INSERT INTO LN   VALUES ('1_80_2', 'Term');
INSERT INTO T    VALUES ('1_80_2', 'COLON', ':');
INSERT INTO N    VALUES ('1_80_3', '1_80', '1_80', '1_80_4', 'Nonleaf');
INSERT INTO NLN  VALUES ('1_80_3', '1_80_3_1', 'Ebnf');
INSERT INTO EBNF VALUES ('1_80_3', '');
INSERT INTO N    VALUES ('1_80_3_1', '1_80_3', '1_80', '1_80_3_2', 'Leaf');
INSERT INTO LN   VALUES ('1_80_3_1', 'Rref');
INSERT INTO RR   VALUES ('1_80_3_1', 'phrase');
INSERT INTO N    VALUES ('1_81', '1', '1_81', '1_82', 'Nonleaf');
INSERT INTO NLN  VALUES ('1_81', '1_81_1', 'Rule');
INSERT INTO R    VALUES ('1_81', 'general_name');
INSERT INTO N    VALUES ('1_81_1', '1_81', '1_81', '1_81_2', 'Leaf');
INSERT INTO LN   VALUES ('1_81_1', 'Term');
INSERT INTO T    VALUES ('1_81_1', 'BANG', '!');
INSERT INTO N    VALUES ('1_81_2', '1_81', '1_81', '1_81_3', 'Leaf');
INSERT INTO LN   VALUES ('1_81_2', 'Term');
INSERT INTO T    VALUES ('1_81_2', 'COLON', ':');
INSERT INTO N    VALUES ('1_81_3', '1_81', '1_81', '1_81_4', 'Nonleaf');
INSERT INTO NLN  VALUES ('1_81_3', '1_81_3_1', 'Ebnf');
INSERT INTO EBNF VALUES ('1_81_3', '');
INSERT INTO N    VALUES ('1_81_3_1', '1_81_3', '1_81', '1_81_3_2', 'Leaf');
INSERT INTO LN   VALUES ('1_81_3_1', 'Rref');
INSERT INTO RR   VALUES ('1_81_3_1', 'limited_name');
INSERT INTO N    VALUES ('1_81_3_2', '1_81_3', '1_81', '1_81_3_3', 'Leaf');
INSERT INTO LN   VALUES ('1_81_3_2', 'Term');
INSERT INTO T    VALUES ('1_81_3_2', 'OR', '|');
INSERT INTO N    VALUES ('1_81_3_3', '1_81_3', '1_81', '1_81_3_4', 'Leaf');
INSERT INTO LN   VALUES ('1_81_3_3', 'Term');
INSERT INTO T    VALUES ('1_81_3_3', 'TOKEN_REF', 'TOK_GENERAL_NAME');
INSERT INTO N    VALUES ('1_81_3_4', '1_81_3', '1_81', '1_81_3_5', 'Leaf');
INSERT INTO LN   VALUES ('1_81_3_4', 'Term');
INSERT INTO T    VALUES ('1_81_3_4', 'OR', '|');
INSERT INTO N    VALUES ('1_81_3_5', '1_81_3', '1_81', '1_81_3_6', 'Leaf');
INSERT INTO LN   VALUES ('1_81_3_5', 'Rref');
INSERT INTO RR   VALUES ('1_81_3_5', 'kw_as_id1');
INSERT INTO N    VALUES ('1_81_3_6', '1_81_3', '1_81', '1_81_3_7', 'Leaf');
INSERT INTO LN   VALUES ('1_81_3_6', 'Term');
INSERT INTO T    VALUES ('1_81_3_6', 'OR', '|');
INSERT INTO N    VALUES ('1_81_3_7', '1_81_3', '1_81', '1_81_3_8', 'Leaf');
INSERT INTO LN   VALUES ('1_81_3_7', 'Rref');
INSERT INTO RR   VALUES ('1_81_3_7', 'kw_as_id2');
INSERT INTO N    VALUES ('1_81_3_8', '1_81_3', '1_81', '1_81_3_9', 'Leaf');
INSERT INTO LN   VALUES ('1_81_3_8', 'Term');
INSERT INTO T    VALUES ('1_81_3_8', 'OR', '|');
INSERT INTO N    VALUES ('1_81_3_9', '1_81_3', '1_81', '1_81_3_10', 'Leaf');
INSERT INTO LN   VALUES ('1_81_3_9', 'Rref');
INSERT INTO RR   VALUES ('1_81_3_9', 'kw_as_id3');
INSERT INTO N    VALUES ('1_82', '1', '1_82', '1_83', 'Nonleaf');
INSERT INTO NLN  VALUES ('1_82', '1_82_1', 'Rule');
INSERT INTO R    VALUES ('1_82', 'svc_general_name');
INSERT INTO N    VALUES ('1_82_1', '1_82', '1_82', '1_82_2', 'Leaf');
INSERT INTO LN   VALUES ('1_82_1', 'Term');
INSERT INTO T    VALUES ('1_82_1', 'BANG', '!');
INSERT INTO N    VALUES ('1_82_2', '1_82', '1_82', '1_82_3', 'Leaf');
INSERT INTO LN   VALUES ('1_82_2', 'Term');
INSERT INTO T    VALUES ('1_82_2', 'COLON', ':');
INSERT INTO N    VALUES ('1_82_3', '1_82', '1_82', '1_82_4', 'Nonleaf');
INSERT INTO NLN  VALUES ('1_82_3', '1_82_3_1', 'Ebnf');
INSERT INTO EBNF VALUES ('1_82_3', '');
INSERT INTO N    VALUES ('1_82_3_1', '1_82_3', '1_82', '1_82_3_2', 'Leaf');
INSERT INTO LN   VALUES ('1_82_3_1', 'Rref');
INSERT INTO RR   VALUES ('1_82_3_1', 'limited_name');
INSERT INTO N    VALUES ('1_82_3_2', '1_82_3', '1_82', '1_82_3_3', 'Leaf');
INSERT INTO LN   VALUES ('1_82_3_2', 'Term');
INSERT INTO T    VALUES ('1_82_3_2', 'OR', '|');
INSERT INTO N    VALUES ('1_82_3_3', '1_82_3', '1_82', '1_82_3_4', 'Leaf');
INSERT INTO LN   VALUES ('1_82_3_3', 'Term');
INSERT INTO T    VALUES ('1_82_3_3', 'TOKEN_REF', 'TOK_GENERAL_NAME');
INSERT INTO N    VALUES ('1_82_3_4', '1_82_3', '1_82', '1_82_3_5', 'Leaf');
INSERT INTO LN   VALUES ('1_82_3_4', 'Term');
INSERT INTO T    VALUES ('1_82_3_4', 'OR', '|');
INSERT INTO N    VALUES ('1_82_3_5', '1_82_3', '1_82', '1_82_3_6', 'Leaf');
INSERT INTO LN   VALUES ('1_82_3_5', 'Rref');
INSERT INTO RR   VALUES ('1_82_3_5', 'kw_as_id1');
INSERT INTO N    VALUES ('1_82_3_6', '1_82_3', '1_82', '1_82_3_7', 'Leaf');
INSERT INTO LN   VALUES ('1_82_3_6', 'Term');
INSERT INTO T    VALUES ('1_82_3_6', 'OR', '|');
INSERT INTO N    VALUES ('1_82_3_7', '1_82_3', '1_82', '1_82_3_8', 'Leaf');
INSERT INTO LN   VALUES ('1_82_3_7', 'Rref');
INSERT INTO RR   VALUES ('1_82_3_7', 'kw_as_id2');
INSERT INTO N    VALUES ('1_82_3_8', '1_82_3', '1_82', '1_82_3_9', 'Leaf');
INSERT INTO LN   VALUES ('1_82_3_8', 'Term');
INSERT INTO T    VALUES ('1_82_3_8', 'OR', '|');
INSERT INTO N    VALUES ('1_82_3_9', '1_82_3', '1_82', '1_82_3_10', 'Leaf');
INSERT INTO LN   VALUES ('1_82_3_9', 'Rref');
INSERT INTO RR   VALUES ('1_82_3_9', 'kw_as_id3');
INSERT INTO N    VALUES ('1_82_3_10', '1_82_3', '1_82', '1_82_3_11', 'Leaf');
INSERT INTO LN   VALUES ('1_82_3_10', 'Term');
INSERT INTO T    VALUES ('1_82_3_10', 'OR', '|');
INSERT INTO N    VALUES ('1_82_3_11', '1_82_3', '1_82', '1_82_3_12', 'Leaf');
INSERT INTO LN   VALUES ('1_82_3_11', 'Rref');
INSERT INTO RR   VALUES ('1_82_3_11', 'kw_as_id4');
INSERT INTO N    VALUES ('1_83', '1', '1_83', '1_84', 'Nonleaf');
INSERT INTO NLN  VALUES ('1_83', '1_83_1', 'Rule');
INSERT INTO R    VALUES ('1_83', 'limited_name');
INSERT INTO N    VALUES ('1_83_1', '1_83', '1_83', '1_83_2', 'Leaf');
INSERT INTO LN   VALUES ('1_83_1', 'Term');
INSERT INTO T    VALUES ('1_83_1', 'BANG', '!');
INSERT INTO N    VALUES ('1_83_2', '1_83', '1_83', '1_83_3', 'Leaf');
INSERT INTO LN   VALUES ('1_83_2', 'Term');
INSERT INTO T    VALUES ('1_83_2', 'COLON', ':');
INSERT INTO N    VALUES ('1_83_3', '1_83', '1_83', '1_83_4', 'Leaf');
INSERT INTO LN   VALUES ('1_83_3', 'Term');
INSERT INTO T    VALUES ('1_83_3', 'TOKEN_REF', 'TOK_ID');
INSERT INTO N    VALUES ('1_83_4', '1_83', '1_83', '1_83_5', 'Leaf');
INSERT INTO LN   VALUES ('1_83_4', 'Term');
INSERT INTO T    VALUES ('1_83_4', 'OR', '|');
INSERT INTO N    VALUES ('1_83_5', '1_83', '1_83', '1_83_6', 'Leaf');
INSERT INTO LN   VALUES ('1_83_5', 'Term');
INSERT INTO T    VALUES ('1_83_5', 'TOKEN_REF', 'TOK_RELID');
INSERT INTO N    VALUES ('1_84', '1', '1_84', '1_85', 'Nonleaf');
INSERT INTO NLN  VALUES ('1_84', '1_84_1', 'Rule');
INSERT INTO R    VALUES ('1_84', 'inst_ref_set_var');
INSERT INTO N    VALUES ('1_84_1', '1_84', '1_84', '1_84_2', 'Leaf');
INSERT INTO LN   VALUES ('1_84_1', 'Term');
INSERT INTO T    VALUES ('1_84_1', 'BANG', '!');
INSERT INTO N    VALUES ('1_84_2', '1_84', '1_84', '1_84_3', 'Leaf');
INSERT INTO LN   VALUES ('1_84_2', 'Term');
INSERT INTO T    VALUES ('1_84_2', 'COLON', ':');
INSERT INTO N    VALUES ('1_84_3', '1_84', '1_84', '1_84_4', 'Leaf');
INSERT INTO LN   VALUES ('1_84_3', 'Rref');
INSERT INTO RR   VALUES ('1_84_3', 'local_variable');
INSERT INTO N    VALUES ('1_84_4', '1_84', '1_84', '1_84_5', 'Leaf');
INSERT INTO LN   VALUES ('1_84_4', 'Term');
INSERT INTO T    VALUES ('1_84_4', 'ARG_ACTION', 'false');
INSERT INTO N    VALUES ('1_85', '1', '1_85', '1_86', 'Nonleaf');
INSERT INTO NLN  VALUES ('1_85', '1_85_1', 'Rule');
INSERT INTO R    VALUES ('1_85', 'inst_ref_var');
INSERT INTO N    VALUES ('1_85_1', '1_85', '1_85', '1_85_2', 'Leaf');
INSERT INTO LN   VALUES ('1_85_1', 'Term');
INSERT INTO T    VALUES ('1_85_1', 'BANG', '!');
INSERT INTO N    VALUES ('1_85_2', '1_85', '1_85', '1_85_3', 'Leaf');
INSERT INTO LN   VALUES ('1_85_2', 'Term');
INSERT INTO T    VALUES ('1_85_2', 'COLON', ':');
INSERT INTO N    VALUES ('1_85_3', '1_85', '1_85', '1_85_4', 'Leaf');
INSERT INTO LN   VALUES ('1_85_3', 'Rref');
INSERT INTO RR   VALUES ('1_85_3', 'local_variable');
INSERT INTO N    VALUES ('1_85_4', '1_85', '1_85', '1_85_5', 'Leaf');
INSERT INTO LN   VALUES ('1_85_4', 'Term');
INSERT INTO T    VALUES ('1_85_4', 'ARG_ACTION', 'false');
INSERT INTO N    VALUES ('1_86', '1', '1_86', '1_87', 'Nonleaf');
INSERT INTO NLN  VALUES ('1_86', '1_86_1', 'Rule');
INSERT INTO R    VALUES ('1_86', 'kw_as_id1');
INSERT INTO N    VALUES ('1_86_1', '1_86', '1_86', '1_86_2', 'Leaf');
INSERT INTO LN   VALUES ('1_86_1', 'Term');
INSERT INTO T    VALUES ('1_86_1', 'BANG', '!');
INSERT INTO N    VALUES ('1_86_2', '1_86', '1_86', '1_86_3', 'Leaf');
INSERT INTO LN   VALUES ('1_86_2', 'Term');
INSERT INTO T    VALUES ('1_86_2', 'COLON', ':');
INSERT INTO N    VALUES ('1_86_3', '1_86', '1_86', '1_86_4', 'Nonleaf');
INSERT INTO NLN  VALUES ('1_86_3', '1_86_3_1', 'Ebnf');
INSERT INTO EBNF VALUES ('1_86_3', '');
INSERT INTO N    VALUES ('1_86_3_1', '1_86_3', '1_86', '1_86_3_2', 'Leaf');
INSERT INTO LN   VALUES ('1_86_3_1', 'Term');
INSERT INTO T    VALUES ('1_86_3_1', 'STRING_LITERAL', 'across');
INSERT INTO N    VALUES ('1_86_3_2', '1_86_3', '1_86', '1_86_3_3', 'Leaf');
INSERT INTO LN   VALUES ('1_86_3_2', 'Term');
INSERT INTO T    VALUES ('1_86_3_2', 'OR', '|');
INSERT INTO N    VALUES ('1_86_3_3', '1_86_3', '1_86', '1_86_3_4', 'Leaf');
INSERT INTO LN   VALUES ('1_86_3_3', 'Term');
INSERT INTO T    VALUES ('1_86_3_3', 'STRING_LITERAL', 'any');
INSERT INTO N    VALUES ('1_86_3_4', '1_86_3', '1_86', '1_86_3_5', 'Leaf');
INSERT INTO LN   VALUES ('1_86_3_4', 'Term');
INSERT INTO T    VALUES ('1_86_3_4', 'OR', '|');
INSERT INTO N    VALUES ('1_86_3_5', '1_86_3', '1_86', '1_86_3_6', 'Leaf');
INSERT INTO LN   VALUES ('1_86_3_5', 'Term');
INSERT INTO T    VALUES ('1_86_3_5', 'STRING_LITERAL', 'assigner');
INSERT INTO N    VALUES ('1_86_3_6', '1_86_3', '1_86', '1_86_3_7', 'Leaf');
INSERT INTO LN   VALUES ('1_86_3_6', 'Term');
INSERT INTO T    VALUES ('1_86_3_6', 'OR', '|');
INSERT INTO N    VALUES ('1_86_3_7', '1_86_3', '1_86', '1_86_3_8', 'Leaf');
INSERT INTO LN   VALUES ('1_86_3_7', 'Term');
INSERT INTO T    VALUES ('1_86_3_7', 'STRING_LITERAL', 'assign');
INSERT INTO N    VALUES ('1_86_3_8', '1_86_3', '1_86', '1_86_3_9', 'Leaf');
INSERT INTO LN   VALUES ('1_86_3_8', 'Term');
INSERT INTO T    VALUES ('1_86_3_8', 'OR', '|');
INSERT INTO N    VALUES ('1_86_3_9', '1_86_3', '1_86', '1_86_3_10', 'Leaf');
INSERT INTO LN   VALUES ('1_86_3_9', 'Term');
INSERT INTO T    VALUES ('1_86_3_9', 'STRING_LITERAL', 'break');
INSERT INTO N    VALUES ('1_86_3_10', '1_86_3', '1_86', '1_86_3_11', 'Leaf');
INSERT INTO LN   VALUES ('1_86_3_10', 'Term');
INSERT INTO T    VALUES ('1_86_3_10', 'OR', '|');
INSERT INTO N    VALUES ('1_86_3_11', '1_86_3', '1_86', '1_86_3_12', 'Leaf');
INSERT INTO LN   VALUES ('1_86_3_11', 'Term');
INSERT INTO T    VALUES ('1_86_3_11', 'STRING_LITERAL', 'by');
INSERT INTO N    VALUES ('1_86_3_12', '1_86_3', '1_86', '1_86_3_13', 'Leaf');
INSERT INTO LN   VALUES ('1_86_3_12', 'Term');
INSERT INTO T    VALUES ('1_86_3_12', 'OR', '|');
INSERT INTO N    VALUES ('1_86_3_13', '1_86_3', '1_86', '1_86_3_14', 'Leaf');
INSERT INTO LN   VALUES ('1_86_3_13', 'Term');
INSERT INTO T    VALUES ('1_86_3_13', 'STRING_LITERAL', 'class');
INSERT INTO N    VALUES ('1_86_3_14', '1_86_3', '1_86', '1_86_3_15', 'Leaf');
INSERT INTO LN   VALUES ('1_86_3_14', 'Term');
INSERT INTO T    VALUES ('1_86_3_14', 'OR', '|');
INSERT INTO N    VALUES ('1_86_3_15', '1_86_3', '1_86', '1_86_3_16', 'Leaf');
INSERT INTO LN   VALUES ('1_86_3_15', 'Term');
INSERT INTO T    VALUES ('1_86_3_15', 'STRING_LITERAL', 'continue');
INSERT INTO N    VALUES ('1_86_3_16', '1_86_3', '1_86', '1_86_3_17', 'Leaf');
INSERT INTO LN   VALUES ('1_86_3_16', 'Term');
INSERT INTO T    VALUES ('1_86_3_16', 'OR', '|');
INSERT INTO N    VALUES ('1_86_3_17', '1_86_3', '1_86', '1_86_3_18', 'Leaf');
INSERT INTO LN   VALUES ('1_86_3_17', 'Term');
INSERT INTO T    VALUES ('1_86_3_17', 'STRING_LITERAL', 'control');
INSERT INTO N    VALUES ('1_86_3_18', '1_86_3', '1_86', '1_86_3_19', 'Leaf');
INSERT INTO LN   VALUES ('1_86_3_18', 'Term');
INSERT INTO T    VALUES ('1_86_3_18', 'OR', '|');
INSERT INTO N    VALUES ('1_86_3_19', '1_86_3', '1_86', '1_86_3_20', 'Leaf');
INSERT INTO LN   VALUES ('1_86_3_19', 'Term');
INSERT INTO T    VALUES ('1_86_3_19', 'STRING_LITERAL', 'create');
INSERT INTO N    VALUES ('1_86_3_20', '1_86_3', '1_86', '1_86_3_21', 'Leaf');
INSERT INTO LN   VALUES ('1_86_3_20', 'Term');
INSERT INTO T    VALUES ('1_86_3_20', 'OR', '|');
INSERT INTO N    VALUES ('1_86_3_21', '1_86_3', '1_86', '1_86_3_22', 'Leaf');
INSERT INTO LN   VALUES ('1_86_3_21', 'Term');
INSERT INTO T    VALUES ('1_86_3_21', 'STRING_LITERAL', 'creator');
INSERT INTO N    VALUES ('1_86_3_22', '1_86_3', '1_86', '1_86_3_23', 'Leaf');
INSERT INTO LN   VALUES ('1_86_3_22', 'Term');
INSERT INTO T    VALUES ('1_86_3_22', 'OR', '|');
INSERT INTO N    VALUES ('1_86_3_23', '1_86_3', '1_86', '1_86_3_24', 'Leaf');
INSERT INTO LN   VALUES ('1_86_3_23', 'Term');
INSERT INTO T    VALUES ('1_86_3_23', 'STRING_LITERAL', 'delete');
INSERT INTO N    VALUES ('1_86_3_24', '1_86_3', '1_86', '1_86_3_25', 'Leaf');
INSERT INTO LN   VALUES ('1_86_3_24', 'Term');
INSERT INTO T    VALUES ('1_86_3_24', 'OR', '|');
INSERT INTO N    VALUES ('1_86_3_25', '1_86_3', '1_86', '1_86_3_26', 'Leaf');
INSERT INTO LN   VALUES ('1_86_3_25', 'Term');
INSERT INTO T    VALUES ('1_86_3_25', 'STRING_LITERAL', 'each');
INSERT INTO N    VALUES ('1_86_3_26', '1_86_3', '1_86', '1_86_3_27', 'Leaf');
INSERT INTO LN   VALUES ('1_86_3_26', 'Term');
INSERT INTO T    VALUES ('1_86_3_26', 'OR', '|');
INSERT INTO N    VALUES ('1_86_3_27', '1_86_3', '1_86', '1_86_3_28', 'Leaf');
INSERT INTO LN   VALUES ('1_86_3_27', 'Term');
INSERT INTO T    VALUES ('1_86_3_27', 'STRING_LITERAL', 'end');
INSERT INTO N    VALUES ('1_86_3_28', '1_86_3', '1_86', '1_86_3_29', 'Leaf');
INSERT INTO LN   VALUES ('1_86_3_28', 'Term');
INSERT INTO T    VALUES ('1_86_3_28', 'OR', '|');
INSERT INTO N    VALUES ('1_86_3_29', '1_86_3', '1_86', '1_86_3_30', 'Leaf');
INSERT INTO LN   VALUES ('1_86_3_29', 'Term');
INSERT INTO T    VALUES ('1_86_3_29', 'STRING_LITERAL', 'event');
INSERT INTO N    VALUES ('1_86_3_30', '1_86_3', '1_86', '1_86_3_31', 'Leaf');
INSERT INTO LN   VALUES ('1_86_3_30', 'Term');
INSERT INTO T    VALUES ('1_86_3_30', 'OR', '|');
INSERT INTO N    VALUES ('1_86_3_31', '1_86_3', '1_86', '1_86_3_32', 'Leaf');
INSERT INTO LN   VALUES ('1_86_3_31', 'Term');
INSERT INTO T    VALUES ('1_86_3_31', 'STRING_LITERAL', 'for');
INSERT INTO N    VALUES ('1_86_3_32', '1_86_3', '1_86', '1_86_3_33', 'Leaf');
INSERT INTO LN   VALUES ('1_86_3_32', 'Term');
INSERT INTO T    VALUES ('1_86_3_32', 'OR', '|');
INSERT INTO N    VALUES ('1_86_3_33', '1_86_3', '1_86', '1_86_3_34', 'Leaf');
INSERT INTO LN   VALUES ('1_86_3_33', 'Term');
INSERT INTO T    VALUES ('1_86_3_33', 'STRING_LITERAL', 'from');
INSERT INTO N    VALUES ('1_86_3_34', '1_86_3', '1_86', '1_86_3_35', 'Leaf');
INSERT INTO LN   VALUES ('1_86_3_34', 'Term');
INSERT INTO T    VALUES ('1_86_3_34', 'OR', '|');
INSERT INTO N    VALUES ('1_86_3_35', '1_86_3', '1_86', '1_86_3_36', 'Leaf');
INSERT INTO LN   VALUES ('1_86_3_35', 'Term');
INSERT INTO T    VALUES ('1_86_3_35', 'STRING_LITERAL', 'generate');
INSERT INTO N    VALUES ('1_86_3_36', '1_86_3', '1_86', '1_86_3_37', 'Leaf');
INSERT INTO LN   VALUES ('1_86_3_36', 'Term');
INSERT INTO T    VALUES ('1_86_3_36', 'OR', '|');
INSERT INTO N    VALUES ('1_86_3_37', '1_86_3', '1_86', '1_86_3_38', 'Leaf');
INSERT INTO LN   VALUES ('1_86_3_37', 'Term');
INSERT INTO T    VALUES ('1_86_3_37', 'STRING_LITERAL', 'in');
INSERT INTO N    VALUES ('1_86_3_38', '1_86_3', '1_86', '1_86_3_39', 'Leaf');
INSERT INTO LN   VALUES ('1_86_3_38', 'Term');
INSERT INTO T    VALUES ('1_86_3_38', 'OR', '|');
INSERT INTO N    VALUES ('1_86_3_39', '1_86_3', '1_86', '1_86_3_40', 'Leaf');
INSERT INTO LN   VALUES ('1_86_3_39', 'Term');
INSERT INTO T    VALUES ('1_86_3_39', 'STRING_LITERAL', 'instances');
INSERT INTO N    VALUES ('1_86_3_40', '1_86_3', '1_86', '1_86_3_41', 'Leaf');
INSERT INTO LN   VALUES ('1_86_3_40', 'Term');
INSERT INTO T    VALUES ('1_86_3_40', 'OR', '|');
INSERT INTO N    VALUES ('1_86_3_41', '1_86_3', '1_86', '1_86_3_42', 'Leaf');
INSERT INTO LN   VALUES ('1_86_3_41', 'Term');
INSERT INTO T    VALUES ('1_86_3_41', 'STRING_LITERAL', 'instance');
INSERT INTO N    VALUES ('1_86_3_42', '1_86_3', '1_86', '1_86_3_43', 'Leaf');
INSERT INTO LN   VALUES ('1_86_3_42', 'Term');
INSERT INTO T    VALUES ('1_86_3_42', 'OR', '|');
INSERT INTO N    VALUES ('1_86_3_43', '1_86_3', '1_86', '1_86_3_44', 'Leaf');
INSERT INTO LN   VALUES ('1_86_3_43', 'Term');
INSERT INTO T    VALUES ('1_86_3_43', 'STRING_LITERAL', 'many');
INSERT INTO N    VALUES ('1_86_3_44', '1_86_3', '1_86', '1_86_3_45', 'Leaf');
INSERT INTO LN   VALUES ('1_86_3_44', 'Term');
INSERT INTO T    VALUES ('1_86_3_44', 'OR', '|');
INSERT INTO N    VALUES ('1_86_3_45', '1_86_3', '1_86', '1_86_3_46', 'Leaf');
INSERT INTO LN   VALUES ('1_86_3_45', 'Term');
INSERT INTO T    VALUES ('1_86_3_45', 'STRING_LITERAL', 'object');
INSERT INTO N    VALUES ('1_86_3_46', '1_86_3', '1_86', '1_86_3_47', 'Leaf');
INSERT INTO LN   VALUES ('1_86_3_46', 'Term');
INSERT INTO T    VALUES ('1_86_3_46', 'OR', '|');
INSERT INTO N    VALUES ('1_86_3_47', '1_86_3', '1_86', '1_86_3_48', 'Leaf');
INSERT INTO LN   VALUES ('1_86_3_47', 'Term');
INSERT INTO T    VALUES ('1_86_3_47', 'STRING_LITERAL', 'of');
INSERT INTO N    VALUES ('1_86_3_48', '1_86_3', '1_86', '1_86_3_49', 'Leaf');
INSERT INTO LN   VALUES ('1_86_3_48', 'Term');
INSERT INTO T    VALUES ('1_86_3_48', 'OR', '|');
INSERT INTO N    VALUES ('1_86_3_49', '1_86_3', '1_86', '1_86_3_50', 'Leaf');
INSERT INTO LN   VALUES ('1_86_3_49', 'Term');
INSERT INTO T    VALUES ('1_86_3_49', 'STRING_LITERAL', 'one');
INSERT INTO N    VALUES ('1_86_3_50', '1_86_3', '1_86', '1_86_3_51', 'Leaf');
INSERT INTO LN   VALUES ('1_86_3_50', 'Term');
INSERT INTO T    VALUES ('1_86_3_50', 'OR', '|');
INSERT INTO N    VALUES ('1_86_3_51', '1_86_3', '1_86', '1_86_3_52', 'Leaf');
INSERT INTO LN   VALUES ('1_86_3_51', 'Term');
INSERT INTO T    VALUES ('1_86_3_51', 'STRING_LITERAL', 'related');
INSERT INTO N    VALUES ('1_86_3_52', '1_86_3', '1_86', '1_86_3_53', 'Leaf');
INSERT INTO LN   VALUES ('1_86_3_52', 'Term');
INSERT INTO T    VALUES ('1_86_3_52', 'OR', '|');
INSERT INTO N    VALUES ('1_86_3_53', '1_86_3', '1_86', '1_86_3_54', 'Leaf');
INSERT INTO LN   VALUES ('1_86_3_53', 'Term');
INSERT INTO T    VALUES ('1_86_3_53', 'STRING_LITERAL', 'relate');
INSERT INTO N    VALUES ('1_86_3_54', '1_86_3', '1_86', '1_86_3_55', 'Leaf');
INSERT INTO LN   VALUES ('1_86_3_54', 'Term');
INSERT INTO T    VALUES ('1_86_3_54', 'OR', '|');
INSERT INTO N    VALUES ('1_86_3_55', '1_86_3', '1_86', '1_86_3_56', 'Leaf');
INSERT INTO LN   VALUES ('1_86_3_55', 'Term');
INSERT INTO T    VALUES ('1_86_3_55', 'STRING_LITERAL', 'select');
INSERT INTO N    VALUES ('1_86_3_56', '1_86_3', '1_86', '1_86_3_57', 'Leaf');
INSERT INTO LN   VALUES ('1_86_3_56', 'Term');
INSERT INTO T    VALUES ('1_86_3_56', 'OR', '|');
INSERT INTO N    VALUES ('1_86_3_57', '1_86_3', '1_86', '1_86_3_58', 'Leaf');
INSERT INTO LN   VALUES ('1_86_3_57', 'Term');
INSERT INTO T    VALUES ('1_86_3_57', 'STRING_LITERAL', 'stop');
INSERT INTO N    VALUES ('1_86_3_58', '1_86_3', '1_86', '1_86_3_59', 'Leaf');
INSERT INTO LN   VALUES ('1_86_3_58', 'Term');
INSERT INTO T    VALUES ('1_86_3_58', 'OR', '|');
INSERT INTO N    VALUES ('1_86_3_59', '1_86_3', '1_86', '1_86_3_60', 'Leaf');
INSERT INTO LN   VALUES ('1_86_3_59', 'Term');
INSERT INTO T    VALUES ('1_86_3_59', 'STRING_LITERAL', 'to');
INSERT INTO N    VALUES ('1_86_3_60', '1_86_3', '1_86', '1_86_3_61', 'Leaf');
INSERT INTO LN   VALUES ('1_86_3_60', 'Term');
INSERT INTO T    VALUES ('1_86_3_60', 'OR', '|');
INSERT INTO N    VALUES ('1_86_3_61', '1_86_3', '1_86', '1_86_3_62', 'Leaf');
INSERT INTO LN   VALUES ('1_86_3_61', 'Term');
INSERT INTO T    VALUES ('1_86_3_61', 'STRING_LITERAL', 'where');
INSERT INTO N    VALUES ('1_86_3_62', '1_86_3', '1_86', '1_86_3_63', 'Leaf');
INSERT INTO LN   VALUES ('1_86_3_62', 'Term');
INSERT INTO T    VALUES ('1_86_3_62', 'OR', '|');
INSERT INTO N    VALUES ('1_86_3_63', '1_86_3', '1_86', '1_86_3_64', 'Leaf');
INSERT INTO LN   VALUES ('1_86_3_63', 'Term');
INSERT INTO T    VALUES ('1_86_3_63', 'STRING_LITERAL', 'unrelate');
INSERT INTO N    VALUES ('1_86_3_64', '1_86_3', '1_86', '1_86_3_65', 'Leaf');
INSERT INTO LN   VALUES ('1_86_3_64', 'Term');
INSERT INTO T    VALUES ('1_86_3_64', 'OR', '|');
INSERT INTO N    VALUES ('1_86_3_65', '1_86_3', '1_86', '1_86_3_66', 'Leaf');
INSERT INTO LN   VALUES ('1_86_3_65', 'Term');
INSERT INTO T    VALUES ('1_86_3_65', 'STRING_LITERAL', 'using');
INSERT INTO N    VALUES ('1_87', '1', '1_87', '1_88', 'Nonleaf');
INSERT INTO NLN  VALUES ('1_87', '1_87_1', 'Rule');
INSERT INTO R    VALUES ('1_87', 'kw_as_id2');
INSERT INTO N    VALUES ('1_87_1', '1_87', '1_87', '1_87_2', 'Leaf');
INSERT INTO LN   VALUES ('1_87_1', 'Term');
INSERT INTO T    VALUES ('1_87_1', 'BANG', '!');
INSERT INTO N    VALUES ('1_87_2', '1_87', '1_87', '1_87_3', 'Leaf');
INSERT INTO LN   VALUES ('1_87_2', 'Term');
INSERT INTO T    VALUES ('1_87_2', 'COLON', ':');
INSERT INTO N    VALUES ('1_87_3', '1_87', '1_87', '1_87_4', 'Nonleaf');
INSERT INTO NLN  VALUES ('1_87_3', '1_87_3_1', 'Ebnf');
INSERT INTO EBNF VALUES ('1_87_3', '');
INSERT INTO N    VALUES ('1_87_3_1', '1_87_3', '1_87', '1_87_3_2', 'Leaf');
INSERT INTO LN   VALUES ('1_87_3_1', 'Term');
INSERT INTO T    VALUES ('1_87_3_1', 'STRING_LITERAL', 'bridge');
INSERT INTO N    VALUES ('1_87_3_2', '1_87_3', '1_87', '1_87_3_3', 'Leaf');
INSERT INTO LN   VALUES ('1_87_3_2', 'Term');
INSERT INTO T    VALUES ('1_87_3_2', 'OR', '|');
INSERT INTO N    VALUES ('1_87_3_3', '1_87_3', '1_87', '1_87_3_4', 'Leaf');
INSERT INTO LN   VALUES ('1_87_3_3', 'Term');
INSERT INTO T    VALUES ('1_87_3_3', 'STRING_LITERAL', 'send');
INSERT INTO N    VALUES ('1_87_3_4', '1_87_3', '1_87', '1_87_3_5', 'Leaf');
INSERT INTO LN   VALUES ('1_87_3_4', 'Term');
INSERT INTO T    VALUES ('1_87_3_4', 'OR', '|');
INSERT INTO N    VALUES ('1_87_3_5', '1_87_3', '1_87', '1_87_3_6', 'Leaf');
INSERT INTO LN   VALUES ('1_87_3_5', 'Term');
INSERT INTO T    VALUES ('1_87_3_5', 'STRING_LITERAL', 'cardinality');
INSERT INTO N    VALUES ('1_87_3_6', '1_87_3', '1_87', '1_87_3_7', 'Leaf');
INSERT INTO LN   VALUES ('1_87_3_6', 'Term');
INSERT INTO T    VALUES ('1_87_3_6', 'OR', '|');
INSERT INTO N    VALUES ('1_87_3_7', '1_87_3', '1_87', '1_87_3_8', 'Leaf');
INSERT INTO LN   VALUES ('1_87_3_7', 'Term');
INSERT INTO T    VALUES ('1_87_3_7', 'STRING_LITERAL', 'empty');
INSERT INTO N    VALUES ('1_87_3_8', '1_87_3', '1_87', '1_87_3_9', 'Leaf');
INSERT INTO LN   VALUES ('1_87_3_8', 'Term');
INSERT INTO T    VALUES ('1_87_3_8', 'OR', '|');
INSERT INTO N    VALUES ('1_87_3_9', '1_87_3', '1_87', '1_87_3_10', 'Leaf');
INSERT INTO LN   VALUES ('1_87_3_9', 'Term');
INSERT INTO T    VALUES ('1_87_3_9', 'STRING_LITERAL', 'false');
INSERT INTO N    VALUES ('1_87_3_10', '1_87_3', '1_87', '1_87_3_11', 'Leaf');
INSERT INTO LN   VALUES ('1_87_3_10', 'Term');
INSERT INTO T    VALUES ('1_87_3_10', 'OR', '|');
INSERT INTO N    VALUES ('1_87_3_11', '1_87_3', '1_87', '1_87_3_12', 'Leaf');
INSERT INTO LN   VALUES ('1_87_3_11', 'Term');
INSERT INTO T    VALUES ('1_87_3_11', 'STRING_LITERAL', 'not');
INSERT INTO N    VALUES ('1_87_3_12', '1_87_3', '1_87', '1_87_3_13', 'Leaf');
INSERT INTO LN   VALUES ('1_87_3_12', 'Term');
INSERT INTO T    VALUES ('1_87_3_12', 'OR', '|');
INSERT INTO N    VALUES ('1_87_3_13', '1_87_3', '1_87', '1_87_3_14', 'Leaf');
INSERT INTO LN   VALUES ('1_87_3_13', 'Term');
INSERT INTO T    VALUES ('1_87_3_13', 'STRING_LITERAL', 'not_empty');
INSERT INTO N    VALUES ('1_87_3_14', '1_87_3', '1_87', '1_87_3_15', 'Leaf');
INSERT INTO LN   VALUES ('1_87_3_14', 'Term');
INSERT INTO T    VALUES ('1_87_3_14', 'OR', '|');
INSERT INTO N    VALUES ('1_87_3_15', '1_87_3', '1_87', '1_87_3_16', 'Leaf');
INSERT INTO LN   VALUES ('1_87_3_15', 'Term');
INSERT INTO T    VALUES ('1_87_3_15', 'STRING_LITERAL', 'transform');
INSERT INTO N    VALUES ('1_87_3_16', '1_87_3', '1_87', '1_87_3_17', 'Leaf');
INSERT INTO LN   VALUES ('1_87_3_16', 'Term');
INSERT INTO T    VALUES ('1_87_3_16', 'OR', '|');
INSERT INTO N    VALUES ('1_87_3_17', '1_87_3', '1_87', '1_87_3_18', 'Leaf');
INSERT INTO LN   VALUES ('1_87_3_17', 'Term');
INSERT INTO T    VALUES ('1_87_3_17', 'STRING_LITERAL', 'true');
INSERT INTO N    VALUES ('1_88', '1', '1_88', '1_89', 'Nonleaf');
INSERT INTO NLN  VALUES ('1_88', '1_88_1', 'Rule');
INSERT INTO R    VALUES ('1_88', 'kw_as_id3');
INSERT INTO N    VALUES ('1_88_1', '1_88', '1_88', '1_88_2', 'Leaf');
INSERT INTO LN   VALUES ('1_88_1', 'Term');
INSERT INTO T    VALUES ('1_88_1', 'BANG', '!');
INSERT INTO N    VALUES ('1_88_2', '1_88', '1_88', '1_88_3', 'Leaf');
INSERT INTO LN   VALUES ('1_88_2', 'Term');
INSERT INTO T    VALUES ('1_88_2', 'COLON', ':');
INSERT INTO N    VALUES ('1_88_3', '1_88', '1_88', '1_88_4', 'Nonleaf');
INSERT INTO NLN  VALUES ('1_88_3', '1_88_3_1', 'Ebnf');
INSERT INTO EBNF VALUES ('1_88_3', '');
INSERT INTO N    VALUES ('1_88_3_1', '1_88_3', '1_88', '1_88_3_2', 'Leaf');
INSERT INTO LN   VALUES ('1_88_3_1', 'Term');
INSERT INTO T    VALUES ('1_88_3_1', 'STRING_LITERAL', 'param');
INSERT INTO N    VALUES ('1_88_3_2', '1_88_3', '1_88', '1_88_3_3', 'Leaf');
INSERT INTO LN   VALUES ('1_88_3_2', 'Term');
INSERT INTO T    VALUES ('1_88_3_2', 'OR', '|');
INSERT INTO N    VALUES ('1_88_3_3', '1_88_3', '1_88', '1_88_3_4', 'Leaf');
INSERT INTO LN   VALUES ('1_88_3_3', 'Term');
INSERT INTO T    VALUES ('1_88_3_3', 'STRING_LITERAL', 'rcvd_evt');
INSERT INTO N    VALUES ('1_88_3_4', '1_88_3', '1_88', '1_88_3_5', 'Leaf');
INSERT INTO LN   VALUES ('1_88_3_4', 'Term');
INSERT INTO T    VALUES ('1_88_3_4', 'OR', '|');
INSERT INTO N    VALUES ('1_88_3_5', '1_88_3', '1_88', '1_88_3_6', 'Leaf');
INSERT INTO LN   VALUES ('1_88_3_5', 'Term');
INSERT INTO T    VALUES ('1_88_3_5', 'STRING_LITERAL', 'selected');
INSERT INTO N    VALUES ('1_88_3_6', '1_88_3', '1_88', '1_88_3_7', 'Leaf');
INSERT INTO LN   VALUES ('1_88_3_6', 'Term');
INSERT INTO T    VALUES ('1_88_3_6', 'OR', '|');
INSERT INTO N    VALUES ('1_88_3_7', '1_88_3', '1_88', '1_88_3_8', 'Leaf');
INSERT INTO LN   VALUES ('1_88_3_7', 'Term');
INSERT INTO T    VALUES ('1_88_3_7', 'STRING_LITERAL', 'self');
INSERT INTO N    VALUES ('1_89', '1', '1_89', '1_90', 'Nonleaf');
INSERT INTO NLN  VALUES ('1_89', '1_89_1', 'Rule');
INSERT INTO R    VALUES ('1_89', 'kw_as_id4');
INSERT INTO N    VALUES ('1_89_1', '1_89', '1_89', '1_89_2', 'Leaf');
INSERT INTO LN   VALUES ('1_89_1', 'Term');
INSERT INTO T    VALUES ('1_89_1', 'BANG', '!');
INSERT INTO N    VALUES ('1_89_2', '1_89', '1_89', '1_89_3', 'Leaf');
INSERT INTO LN   VALUES ('1_89_2', 'Term');
INSERT INTO T    VALUES ('1_89_2', 'COLON', ':');
INSERT INTO N    VALUES ('1_89_3', '1_89', '1_89', '1_89_4', 'Nonleaf');
INSERT INTO NLN  VALUES ('1_89_3', '1_89_3_1', 'Ebnf');
INSERT INTO EBNF VALUES ('1_89_3', '');
INSERT INTO N    VALUES ('1_89_3_1', '1_89_3', '1_89', '1_89_3_2', 'Leaf');
INSERT INTO LN   VALUES ('1_89_3_1', 'Term');
INSERT INTO T    VALUES ('1_89_3_1', 'STRING_LITERAL', 'and');
INSERT INTO N    VALUES ('1_89_3_2', '1_89_3', '1_89', '1_89_3_3', 'Leaf');
INSERT INTO LN   VALUES ('1_89_3_2', 'Term');
INSERT INTO T    VALUES ('1_89_3_2', 'OR', '|');
INSERT INTO N    VALUES ('1_89_3_3', '1_89_3', '1_89', '1_89_3_4', 'Leaf');
INSERT INTO LN   VALUES ('1_89_3_3', 'Term');
INSERT INTO T    VALUES ('1_89_3_3', 'STRING_LITERAL', 'elif');
INSERT INTO N    VALUES ('1_89_3_4', '1_89_3', '1_89', '1_89_3_5', 'Leaf');
INSERT INTO LN   VALUES ('1_89_3_4', 'Term');
INSERT INTO T    VALUES ('1_89_3_4', 'OR', '|');
INSERT INTO N    VALUES ('1_89_3_5', '1_89_3', '1_89', '1_89_3_6', 'Leaf');
INSERT INTO LN   VALUES ('1_89_3_5', 'Term');
INSERT INTO T    VALUES ('1_89_3_5', 'STRING_LITERAL', 'else');
INSERT INTO N    VALUES ('1_89_3_6', '1_89_3', '1_89', '1_89_3_7', 'Leaf');
INSERT INTO LN   VALUES ('1_89_3_6', 'Term');
INSERT INTO T    VALUES ('1_89_3_6', 'OR', '|');
INSERT INTO N    VALUES ('1_89_3_7', '1_89_3', '1_89', '1_89_3_8', 'Leaf');
INSERT INTO LN   VALUES ('1_89_3_7', 'Term');
INSERT INTO T    VALUES ('1_89_3_7', 'STRING_LITERAL', 'if');
INSERT INTO N    VALUES ('1_89_3_8', '1_89_3', '1_89', '1_89_3_9', 'Leaf');
INSERT INTO LN   VALUES ('1_89_3_8', 'Term');
INSERT INTO T    VALUES ('1_89_3_8', 'OR', '|');
INSERT INTO N    VALUES ('1_89_3_9', '1_89_3', '1_89', '1_89_3_10', 'Leaf');
INSERT INTO LN   VALUES ('1_89_3_9', 'Term');
INSERT INTO T    VALUES ('1_89_3_9', 'STRING_LITERAL', 'or');
INSERT INTO N    VALUES ('1_89_3_10', '1_89_3', '1_89', '1_89_3_11', 'Leaf');
INSERT INTO LN   VALUES ('1_89_3_10', 'Term');
INSERT INTO T    VALUES ('1_89_3_10', 'OR', '|');
INSERT INTO N    VALUES ('1_89_3_11', '1_89_3', '1_89', '1_89_3_12', 'Leaf');
INSERT INTO LN   VALUES ('1_89_3_11', 'Term');
INSERT INTO T    VALUES ('1_89_3_11', 'STRING_LITERAL', 'return');
INSERT INTO N    VALUES ('1_89_3_12', '1_89_3', '1_89', '1_89_3_13', 'Leaf');
INSERT INTO LN   VALUES ('1_89_3_12', 'Term');
INSERT INTO T    VALUES ('1_89_3_12', 'OR', '|');
INSERT INTO N    VALUES ('1_89_3_13', '1_89_3', '1_89', '1_89_3_14', 'Leaf');
INSERT INTO LN   VALUES ('1_89_3_13', 'Term');
INSERT INTO T    VALUES ('1_89_3_13', 'STRING_LITERAL', 'while');
INSERT INTO N    VALUES ('1_90', '1', '1_90', '1_91', 'Nonleaf');
INSERT INTO NLN  VALUES ('1_90', '1_90_1', 'Rule');
INSERT INTO R    VALUES ('1_90', 'local_variable');
INSERT INTO N    VALUES ('1_90_1', '1_90', '1_90', '1_90_2', 'Leaf');
INSERT INTO LN   VALUES ('1_90_1', 'Term');
INSERT INTO T    VALUES ('1_90_1', 'BANG', '!');
INSERT INTO N    VALUES ('1_90_2', '1_90', '1_90', '1_90_3', 'Leaf');
INSERT INTO LN   VALUES ('1_90_2', 'Term');
INSERT INTO T    VALUES ('1_90_2', 'ARG_ACTION', 'boolean isLval');
INSERT INTO N    VALUES ('1_90_3', '1_90', '1_90', '1_90_4', 'Leaf');
INSERT INTO LN   VALUES ('1_90_3', 'Term');
INSERT INTO T    VALUES ('1_90_3', 'COLON', ':');
INSERT INTO N    VALUES ('1_90_4', '1_90', '1_90', '1_90_5', 'Leaf');
INSERT INTO LN   VALUES ('1_90_4', 'Rref');
INSERT INTO RR   VALUES ('1_90_4', 'root_element_label');
INSERT INTO N    VALUES ('1_90_5', '1_90', '1_90', '1_90_6', 'Leaf');
INSERT INTO LN   VALUES ('1_90_5', 'Term');
INSERT INTO T    VALUES ('1_90_5', 'ARG_ACTION', 'isLval');
INSERT INTO N    VALUES ('1_91', '1', '1_91', '1_92', 'Nonleaf');
INSERT INTO NLN  VALUES ('1_91', '1_91_1', 'Rule');
INSERT INTO R    VALUES ('1_91', 'root_element_label');
INSERT INTO N    VALUES ('1_91_1', '1_91', '1_91', '1_91_2', 'Leaf');
INSERT INTO LN   VALUES ('1_91_1', 'Term');
INSERT INTO T    VALUES ('1_91_1', 'BANG', '!');
INSERT INTO N    VALUES ('1_91_2', '1_91', '1_91', '1_91_3', 'Leaf');
INSERT INTO LN   VALUES ('1_91_2', 'Term');
INSERT INTO T    VALUES ('1_91_2', 'ARG_ACTION', 'boolean isLval');
INSERT INTO N    VALUES ('1_91_3', '1_91', '1_91', '1_91_4', 'Leaf');
INSERT INTO LN   VALUES ('1_91_3', 'Term');
INSERT INTO T    VALUES ('1_91_3', 'COLON', ':');
INSERT INTO N    VALUES ('1_91_4', '1_91', '1_91', '1_91_5', 'Nonleaf');
INSERT INTO NLN  VALUES ('1_91_4', '1_91_4_1', 'Ebnf');
INSERT INTO EBNF VALUES ('1_91_4', '');
INSERT INTO N    VALUES ('1_91_4_1', '1_91_4', '1_91', '1_91_4_2', 'Leaf');
INSERT INTO LN   VALUES ('1_91_4_1', 'Term');
INSERT INTO T    VALUES ('1_91_4_1', 'STRING_LITERAL', 'selected');
INSERT INTO N    VALUES ('1_91_4_2', '1_91_4', '1_91', '1_91_4_3', 'Leaf');
INSERT INTO LN   VALUES ('1_91_4_2', 'Term');
INSERT INTO T    VALUES ('1_91_4_2', 'OR', '|');
INSERT INTO N    VALUES ('1_91_4_3', '1_91_4', '1_91', '1_91_4_4', 'Leaf');
INSERT INTO LN   VALUES ('1_91_4_3', 'Term');
INSERT INTO T    VALUES ('1_91_4_3', 'STRING_LITERAL', 'self');
INSERT INTO N    VALUES ('1_91_4_4', '1_91_4', '1_91', '1_91_4_5', 'Leaf');
INSERT INTO LN   VALUES ('1_91_4_4', 'Term');
INSERT INTO T    VALUES ('1_91_4_4', 'OR', '|');
INSERT INTO N    VALUES ('1_91_4_5', '1_91_4', '1_91', '1_91_4_6', 'Leaf');
INSERT INTO LN   VALUES ('1_91_4_5', 'Rref');
INSERT INTO RR   VALUES ('1_91_4_5', 'limited_name');
INSERT INTO N    VALUES ('1_91_4_6', '1_91_4', '1_91', '1_91_4_7', 'Leaf');
INSERT INTO LN   VALUES ('1_91_4_6', 'Term');
INSERT INTO T    VALUES ('1_91_4_6', 'OR', '|');
INSERT INTO N    VALUES ('1_91_4_7', '1_91_4', '1_91', '1_91_4_8', 'Leaf');
INSERT INTO LN   VALUES ('1_91_4_7', 'Rref');
INSERT INTO RR   VALUES ('1_91_4_7', 'kw_as_id1');
INSERT INTO N    VALUES ('1_92', '1', '1_92', '1_93', 'Nonleaf');
INSERT INTO NLN  VALUES ('1_92', '1_92_1', 'Rule');
INSERT INTO R    VALUES ('1_92', 'element_label');
INSERT INTO N    VALUES ('1_92_1', '1_92', '1_92', '1_92_2', 'Leaf');
INSERT INTO LN   VALUES ('1_92_1', 'Term');
INSERT INTO T    VALUES ('1_92_1', 'BANG', '!');
INSERT INTO N    VALUES ('1_92_2', '1_92', '1_92', '1_92_3', 'Leaf');
INSERT INTO LN   VALUES ('1_92_2', 'Term');
INSERT INTO T    VALUES ('1_92_2', 'ARG_ACTION', 'boolean isLval');
INSERT INTO N    VALUES ('1_92_3', '1_92', '1_92', '1_92_4', 'Leaf');
INSERT INTO LN   VALUES ('1_92_3', 'Term');
INSERT INTO T    VALUES ('1_92_3', 'COLON', ':');
INSERT INTO N    VALUES ('1_92_4', '1_92', '1_92', '1_92_5', 'Leaf');
INSERT INTO LN   VALUES ('1_92_4', 'Rref');
INSERT INTO RR   VALUES ('1_92_4', 'general_name');
INSERT INTO N    VALUES ('1_93', '1', '1_93', '1_94', 'Nonleaf');
INSERT INTO NLN  VALUES ('1_93', '1_93_1', 'Rule');
INSERT INTO R    VALUES ('1_93', 'function_name');
INSERT INTO N    VALUES ('1_93_1', '1_93', '1_93', '1_93_2', 'Leaf');
INSERT INTO LN   VALUES ('1_93_1', 'Term');
INSERT INTO T    VALUES ('1_93_1', 'BANG', '!');
INSERT INTO N    VALUES ('1_93_2', '1_93', '1_93', '1_93_3', 'Leaf');
INSERT INTO LN   VALUES ('1_93_2', 'Term');
INSERT INTO T    VALUES ('1_93_2', 'COLON', ':');
INSERT INTO N    VALUES ('1_93_3', '1_93', '1_93', '1_93_4', 'Leaf');
INSERT INTO LN   VALUES ('1_93_3', 'Rref');
INSERT INTO RR   VALUES ('1_93_3', 'general_name');
INSERT INTO N    VALUES ('1_94', '1', '1_94', '1_95', 'Nonleaf');
INSERT INTO NLN  VALUES ('1_94', '1_94_1', 'Rule');
INSERT INTO R    VALUES ('1_94', 'svc_function_name');
INSERT INTO N    VALUES ('1_94_1', '1_94', '1_94', '1_94_2', 'Leaf');
INSERT INTO LN   VALUES ('1_94_1', 'Term');
INSERT INTO T    VALUES ('1_94_1', 'BANG', '!');
INSERT INTO N    VALUES ('1_94_2', '1_94', '1_94', '1_94_3', 'Leaf');
INSERT INTO LN   VALUES ('1_94_2', 'Term');
INSERT INTO T    VALUES ('1_94_2', 'COLON', ':');
INSERT INTO N    VALUES ('1_94_3', '1_94', '1_94', '1_94_4', 'Leaf');
INSERT INTO LN   VALUES ('1_94_3', 'Rref');
INSERT INTO RR   VALUES ('1_94_3', 'svc_general_name');
INSERT INTO N    VALUES ('1_95', '1', '1_95', '1_96', 'Nonleaf');
INSERT INTO NLN  VALUES ('1_95', '1_95_1', 'Rule');
INSERT INTO R    VALUES ('1_95', 'identifier');
INSERT INTO N    VALUES ('1_95_1', '1_95', '1_95', '1_95_2', 'Leaf');
INSERT INTO LN   VALUES ('1_95_1', 'Term');
INSERT INTO T    VALUES ('1_95_1', 'BANG', '!');
INSERT INTO N    VALUES ('1_95_2', '1_95', '1_95', '1_95_3', 'Leaf');
INSERT INTO LN   VALUES ('1_95_2', 'Term');
INSERT INTO T    VALUES ('1_95_2', 'COLON', ':');
INSERT INTO N    VALUES ('1_95_3', '1_95', '1_95', '1_95_4', 'Leaf');
INSERT INTO LN   VALUES ('1_95_3', 'Rref');
INSERT INTO RR   VALUES ('1_95_3', 'general_name');
INSERT INTO N    VALUES ('1_96', '1', '1_96', '1_97', 'Nonleaf');
INSERT INTO NLN  VALUES ('1_96', '1_96_1', 'Rule');
INSERT INTO R    VALUES ('1_96', 'object_keyletters');
INSERT INTO N    VALUES ('1_96_1', '1_96', '1_96', '1_96_2', 'Leaf');
INSERT INTO LN   VALUES ('1_96_1', 'Term');
INSERT INTO T    VALUES ('1_96_1', 'BANG', '!');
INSERT INTO N    VALUES ('1_96_2', '1_96', '1_96', '1_96_3', 'Leaf');
INSERT INTO LN   VALUES ('1_96_2', 'Term');
INSERT INTO T    VALUES ('1_96_2', 'COLON', ':');
INSERT INTO N    VALUES ('1_96_3', '1_96', '1_96', '1_96_4', 'Leaf');
INSERT INTO LN   VALUES ('1_96_3', 'Rref');
INSERT INTO RR   VALUES ('1_96_3', 'keyletters');
INSERT INTO N    VALUES ('1_97', '1', '1_97', '1_98', 'Nonleaf');
INSERT INTO NLN  VALUES ('1_97', '1_97_1', 'Rule');
INSERT INTO R    VALUES ('1_97', 'phrase');
INSERT INTO N    VALUES ('1_97_1', '1_97', '1_97', '1_97_2', 'Leaf');
INSERT INTO LN   VALUES ('1_97_1', 'Term');
INSERT INTO T    VALUES ('1_97_1', 'BANG', '!');
INSERT INTO N    VALUES ('1_97_2', '1_97', '1_97', '1_97_3', 'Leaf');
INSERT INTO LN   VALUES ('1_97_2', 'Term');
INSERT INTO T    VALUES ('1_97_2', 'COLON', ':');
INSERT INTO N    VALUES ('1_97_3', '1_97', '1_97', '1_97_4', 'Nonleaf');
INSERT INTO NLN  VALUES ('1_97_3', '1_97_3_1', 'Ebnf');
INSERT INTO EBNF VALUES ('1_97_3', '');
INSERT INTO N    VALUES ('1_97_3_1', '1_97_3', '1_97', '1_97_3_2', 'Leaf');
INSERT INTO LN   VALUES ('1_97_3_1', 'Term');
INSERT INTO T    VALUES ('1_97_3_1', 'TOKEN_REF', 'TICKED_PHRASE');
INSERT INTO N    VALUES ('1_97_3_2', '1_97_3', '1_97', '1_97_3_3', 'Leaf');
INSERT INTO LN   VALUES ('1_97_3_2', 'Term');
INSERT INTO T    VALUES ('1_97_3_2', 'OR', '|');
INSERT INTO N    VALUES ('1_97_3_3', '1_97_3', '1_97', '1_97_3_4', 'Leaf');
INSERT INTO LN   VALUES ('1_97_3_3', 'Rref');
INSERT INTO RR   VALUES ('1_97_3_3', 'svc_general_name');
INSERT INTO N    VALUES ('1_98', '1', '1_98', '1_99', 'Nonleaf');
INSERT INTO NLN  VALUES ('1_98', '1_98_1', 'Rule');
INSERT INTO R    VALUES ('1_98', 'relationship');
INSERT INTO N    VALUES ('1_98_1', '1_98', '1_98', '1_98_2', 'Leaf');
INSERT INTO LN   VALUES ('1_98_1', 'Term');
INSERT INTO T    VALUES ('1_98_1', 'BANG', '!');
INSERT INTO N    VALUES ('1_98_2', '1_98', '1_98', '1_98_3', 'Leaf');
INSERT INTO LN   VALUES ('1_98_2', 'Term');
INSERT INTO T    VALUES ('1_98_2', 'COLON', ':');
INSERT INTO N    VALUES ('1_98_3', '1_98', '1_98', '1_98_4', 'Leaf');
INSERT INTO LN   VALUES ('1_98_3', 'Term');
INSERT INTO T    VALUES ('1_98_3', 'TOKEN_REF', 'TOK_RELID');
INSERT INTO N    VALUES ('1_99', '1', '1_99', '1_100', 'Nonleaf');
INSERT INTO NLN  VALUES ('1_99', '1_99_1', 'Rule');
INSERT INTO R    VALUES ('1_99', 'supp_data_item');
INSERT INTO N    VALUES ('1_99_1', '1_99', '1_99', '1_99_2', 'Leaf');
INSERT INTO LN   VALUES ('1_99_1', 'Term');
INSERT INTO T    VALUES ('1_99_1', 'BANG', '!');
INSERT INTO N    VALUES ('1_99_2', '1_99', '1_99', '1_99_3', 'Leaf');
INSERT INTO LN   VALUES ('1_99_2', 'Term');
INSERT INTO T    VALUES ('1_99_2', 'COLON', ':');
INSERT INTO N    VALUES ('1_99_3', '1_99', '1_99', '1_99_4', 'Leaf');
INSERT INTO LN   VALUES ('1_99_3', 'Rref');
INSERT INTO RR   VALUES ('1_99_3', 'data_item_name');
INSERT INTO N    VALUES ('1_100', '1', '1_100', '1_101', 'Nonleaf');
INSERT INTO NLN  VALUES ('1_100', '1_100_1', 'Rule');
INSERT INTO R    VALUES ('1_100', 'function_function');
INSERT INTO N    VALUES ('1_100_1', '1_100', '1_100', '1_100_2', 'Leaf');
INSERT INTO LN   VALUES ('1_100_1', 'Term');
INSERT INTO T    VALUES ('1_100_1', 'BANG', '!');
INSERT INTO N    VALUES ('1_100_2', '1_100', '1_100', '1_100_3', 'Leaf');
INSERT INTO LN   VALUES ('1_100_2', 'Term');
INSERT INTO T    VALUES ('1_100_2', 'COLON', ':');
INSERT INTO N    VALUES ('1_100_3', '1_100', '1_100', '1_100_4', 'Leaf');
INSERT INTO LN   VALUES ('1_100_3', 'Rref');
INSERT INTO RR   VALUES ('1_100_3', 'svc_function_name');
INSERT INTO N    VALUES ('1_101', '1', '1_101', '1_102', 'Nonleaf');
INSERT INTO NLN  VALUES ('1_101', '1_101_1', 'Rule');
INSERT INTO R    VALUES ('1_101', 'transformer_function');
INSERT INTO N    VALUES ('1_101_1', '1_101', '1_101', '1_101_2', 'Leaf');
INSERT INTO LN   VALUES ('1_101_1', 'Term');
INSERT INTO T    VALUES ('1_101_1', 'ARG_ACTION', 'boolean isKeyLett');
INSERT INTO N    VALUES ('1_101_2', '1_101', '1_101', '1_101_3', 'Leaf');
INSERT INTO LN   VALUES ('1_101_2', 'Term');
INSERT INTO T    VALUES ('1_101_2', 'COLON', ':');
INSERT INTO N    VALUES ('1_101_3', '1_101', '1_101', '1_101_4', 'Leaf');
INSERT INTO LN   VALUES ('1_101_3', 'Rref');
INSERT INTO RR   VALUES ('1_101_3', 'function_name');
INSERT INTO N    VALUES ('1_102', '1', '1_102', '1_103', 'Nonleaf');
INSERT INTO NLN  VALUES ('1_102', '1_102_1', 'Rule');
INSERT INTO R    VALUES ('1_102', 'expr');
INSERT INTO N    VALUES ('1_102_1', '1_102', '1_102', '1_102_2', 'Leaf');
INSERT INTO LN   VALUES ('1_102_1', 'Term');
INSERT INTO T    VALUES ('1_102_1', 'BANG', '!');
INSERT INTO N    VALUES ('1_102_2', '1_102', '1_102', '1_102_3', 'Leaf');
INSERT INTO LN   VALUES ('1_102_2', 'Term');
INSERT INTO T    VALUES ('1_102_2', 'COLON', ':');
INSERT INTO N    VALUES ('1_102_3', '1_102', '1_102', '1_102_4', 'Leaf');
INSERT INTO LN   VALUES ('1_102_3', 'Rref');
INSERT INTO RR   VALUES ('1_102_3', 'sub_expr');
INSERT INTO N    VALUES ('1_103', '1', '1_103', '1_104', 'Nonleaf');
INSERT INTO NLN  VALUES ('1_103', '1_103_1', 'Rule');
INSERT INTO R    VALUES ('1_103', 'sub_expr');
INSERT INTO N    VALUES ('1_103_1', '1_103', '1_103', '1_103_2', 'Leaf');
INSERT INTO LN   VALUES ('1_103_1', 'Term');
INSERT INTO T    VALUES ('1_103_1', 'COLON', ':');
INSERT INTO N    VALUES ('1_103_2', '1_103', '1_103', '1_103_3', 'Leaf');
INSERT INTO LN   VALUES ('1_103_2', 'Rref');
INSERT INTO RR   VALUES ('1_103_2', 'conjunction');
INSERT INTO N    VALUES ('1_103_3', '1_103', '1_103', '1_103_4', 'Nonleaf');
INSERT INTO NLN  VALUES ('1_103_3', '1_103_3_1', 'Ebnf');
INSERT INTO EBNF VALUES ('1_103_3', '*');
INSERT INTO N    VALUES ('1_103_3_1', '1_103_3', '1_103', '1_103_3_2', 'Leaf');
INSERT INTO LN   VALUES ('1_103_3_1', 'Term');
INSERT INTO T    VALUES ('1_103_3_1', 'STRING_LITERAL', 'or');
INSERT INTO N    VALUES ('1_103_3_2', '1_103_3', '1_103', '1_103_3_3', 'Leaf');
INSERT INTO LN   VALUES ('1_103_3_2', 'Term');
INSERT INTO T    VALUES ('1_103_3_2', 'BANG', '!');
INSERT INTO N    VALUES ('1_103_3_3', '1_103_3', '1_103', '1_103_3_4', 'Leaf');
INSERT INTO LN   VALUES ('1_103_3_3', 'Rref');
INSERT INTO RR   VALUES ('1_103_3_3', 'conjunction');
INSERT INTO N    VALUES ('1_104', '1', '1_104', '1_105', 'Nonleaf');
INSERT INTO NLN  VALUES ('1_104', '1_104_1', 'Rule');
INSERT INTO R    VALUES ('1_104', 'conjunction');
INSERT INTO N    VALUES ('1_104_1', '1_104', '1_104', '1_104_2', 'Leaf');
INSERT INTO LN   VALUES ('1_104_1', 'Term');
INSERT INTO T    VALUES ('1_104_1', 'COLON', ':');
INSERT INTO N    VALUES ('1_104_2', '1_104', '1_104', '1_104_3', 'Leaf');
INSERT INTO LN   VALUES ('1_104_2', 'Rref');
INSERT INTO RR   VALUES ('1_104_2', 'relational_expr');
INSERT INTO N    VALUES ('1_104_3', '1_104', '1_104', '1_104_4', 'Nonleaf');
INSERT INTO NLN  VALUES ('1_104_3', '1_104_3_1', 'Ebnf');
INSERT INTO EBNF VALUES ('1_104_3', '*');
INSERT INTO N    VALUES ('1_104_3_1', '1_104_3', '1_104', '1_104_3_2', 'Leaf');
INSERT INTO LN   VALUES ('1_104_3_1', 'Term');
INSERT INTO T    VALUES ('1_104_3_1', 'STRING_LITERAL', 'and');
INSERT INTO N    VALUES ('1_104_3_2', '1_104_3', '1_104', '1_104_3_3', 'Leaf');
INSERT INTO LN   VALUES ('1_104_3_2', 'Term');
INSERT INTO T    VALUES ('1_104_3_2', 'BANG', '!');
INSERT INTO N    VALUES ('1_104_3_3', '1_104_3', '1_104', '1_104_3_4', 'Leaf');
INSERT INTO LN   VALUES ('1_104_3_3', 'Rref');
INSERT INTO RR   VALUES ('1_104_3_3', 'relational_expr');
INSERT INTO N    VALUES ('1_105', '1', '1_105', '1_106', 'Nonleaf');
INSERT INTO NLN  VALUES ('1_105', '1_105_1', 'Rule');
INSERT INTO R    VALUES ('1_105', 'relational_expr');
INSERT INTO N    VALUES ('1_105_1', '1_105', '1_105', '1_105_2', 'Leaf');
INSERT INTO LN   VALUES ('1_105_1', 'Term');
INSERT INTO T    VALUES ('1_105_1', 'COLON', ':');
INSERT INTO N    VALUES ('1_105_2', '1_105', '1_105', '1_105_3', 'Leaf');
INSERT INTO LN   VALUES ('1_105_2', 'Rref');
INSERT INTO RR   VALUES ('1_105_2', 'addition');
INSERT INTO N    VALUES ('1_105_3', '1_105', '1_105', '1_105_4', 'Nonleaf');
INSERT INTO NLN  VALUES ('1_105_3', '1_105_3_1', 'Ebnf');
INSERT INTO EBNF VALUES ('1_105_3', '?');
INSERT INTO N    VALUES ('1_105_3_1', '1_105_3', '1_105', '1_105_3_2', 'Leaf');
INSERT INTO LN   VALUES ('1_105_3_1', 'Rref');
INSERT INTO RR   VALUES ('1_105_3_1', 'comparison_operator');
INSERT INTO N    VALUES ('1_105_3_2', '1_105_3', '1_105', '1_105_3_3', 'Leaf');
INSERT INTO LN   VALUES ('1_105_3_2', 'Rref');
INSERT INTO RR   VALUES ('1_105_3_2', 'addition');
INSERT INTO N    VALUES ('1_106', '1', '1_106', '1_107', 'Nonleaf');
INSERT INTO NLN  VALUES ('1_106', '1_106_1', 'Rule');
INSERT INTO R    VALUES ('1_106', 'addition');
INSERT INTO N    VALUES ('1_106_1', '1_106', '1_106', '1_106_2', 'Leaf');
INSERT INTO LN   VALUES ('1_106_1', 'Term');
INSERT INTO T    VALUES ('1_106_1', 'COLON', ':');
INSERT INTO N    VALUES ('1_106_2', '1_106', '1_106', '1_106_3', 'Leaf');
INSERT INTO LN   VALUES ('1_106_2', 'Rref');
INSERT INTO RR   VALUES ('1_106_2', 'multiplication');
INSERT INTO N    VALUES ('1_106_3', '1_106', '1_106', '1_106_4', 'Nonleaf');
INSERT INTO NLN  VALUES ('1_106_3', '1_106_3_1', 'Ebnf');
INSERT INTO EBNF VALUES ('1_106_3', '*');
INSERT INTO N    VALUES ('1_106_3_1', '1_106_3', '1_106', '1_106_3_2', 'Leaf');
INSERT INTO LN   VALUES ('1_106_3_1', 'Rref');
INSERT INTO RR   VALUES ('1_106_3_1', 'plus_or_minus');
INSERT INTO N    VALUES ('1_106_3_2', '1_106_3', '1_106', '1_106_3_3', 'Leaf');
INSERT INTO LN   VALUES ('1_106_3_2', 'Rref');
INSERT INTO RR   VALUES ('1_106_3_2', 'multiplication');
INSERT INTO N    VALUES ('1_107', '1', '1_107', '1_108', 'Nonleaf');
INSERT INTO NLN  VALUES ('1_107', '1_107_1', 'Rule');
INSERT INTO R    VALUES ('1_107', 'multiplication');
INSERT INTO N    VALUES ('1_107_1', '1_107', '1_107', '1_107_2', 'Leaf');
INSERT INTO LN   VALUES ('1_107_1', 'Term');
INSERT INTO T    VALUES ('1_107_1', 'COLON', ':');
INSERT INTO N    VALUES ('1_107_2', '1_107', '1_107', '1_107_3', 'Nonleaf');
INSERT INTO NLN  VALUES ('1_107_2', '1_107_2_1', 'Ebnf');
INSERT INTO EBNF VALUES ('1_107_2', '=>');
INSERT INTO N    VALUES ('1_107_2_1', '1_107_2', '1_107', '1_107_2_2', 'Leaf');
INSERT INTO LN   VALUES ('1_107_2_1', 'Rref');
INSERT INTO RR   VALUES ('1_107_2_1', 'boolean_negation');
INSERT INTO N    VALUES ('1_107_3', '1_107', '1_107', '1_107_4', 'Leaf');
INSERT INTO LN   VALUES ('1_107_3', 'Rref');
INSERT INTO RR   VALUES ('1_107_3', 'boolean_negation');
INSERT INTO N    VALUES ('1_107_4', '1_107', '1_107', '1_107_5', 'Leaf');
INSERT INTO LN   VALUES ('1_107_4', 'Term');
INSERT INTO T    VALUES ('1_107_4', 'OR', '|');
INSERT INTO N    VALUES ('1_107_5', '1_107', '1_107', '1_107_6', 'Leaf');
INSERT INTO LN   VALUES ('1_107_5', 'Rref');
INSERT INTO RR   VALUES ('1_107_5', 'sign_expr');
INSERT INTO N    VALUES ('1_107_6', '1_107', '1_107', '1_107_7', 'Nonleaf');
INSERT INTO NLN  VALUES ('1_107_6', '1_107_6_1', 'Ebnf');
INSERT INTO EBNF VALUES ('1_107_6', '*');
INSERT INTO N    VALUES ('1_107_6_1', '1_107_6', '1_107', '1_107_6_2', 'Leaf');
INSERT INTO LN   VALUES ('1_107_6_1', 'Rref');
INSERT INTO RR   VALUES ('1_107_6_1', 'mult_op');
INSERT INTO N    VALUES ('1_107_6_2', '1_107_6', '1_107', '1_107_6_3', 'Leaf');
INSERT INTO LN   VALUES ('1_107_6_2', 'Rref');
INSERT INTO RR   VALUES ('1_107_6_2', 'sign_expr');
INSERT INTO N    VALUES ('1_108', '1', '1_108', '1_109', 'Nonleaf');
INSERT INTO NLN  VALUES ('1_108', '1_108_1', 'Rule');
INSERT INTO R    VALUES ('1_108', 'sign_expr');
INSERT INTO N    VALUES ('1_108_1', '1_108', '1_108', '1_108_2', 'Leaf');
INSERT INTO LN   VALUES ('1_108_1', 'Term');
INSERT INTO T    VALUES ('1_108_1', 'COLON', ':');
INSERT INTO N    VALUES ('1_108_2', '1_108', '1_108', '1_108_3', 'Nonleaf');
INSERT INTO NLN  VALUES ('1_108_2', '1_108_2_1', 'Ebnf');
INSERT INTO EBNF VALUES ('1_108_2', '?');
INSERT INTO N    VALUES ('1_108_2_1', '1_108_2', '1_108', '1_108_2_2', 'Leaf');
INSERT INTO LN   VALUES ('1_108_2_1', 'Rref');
INSERT INTO RR   VALUES ('1_108_2_1', 'plus_or_minus');
INSERT INTO N    VALUES ('1_108_3', '1_108', '1_108', '1_108_4', 'Leaf');
INSERT INTO LN   VALUES ('1_108_3', 'Rref');
INSERT INTO RR   VALUES ('1_108_3', 'term');
INSERT INTO N    VALUES ('1_109', '1', '1_109', '1_110', 'Nonleaf');
INSERT INTO NLN  VALUES ('1_109', '1_109_1', 'Rule');
INSERT INTO R    VALUES ('1_109', 'boolean_negation');
INSERT INTO N    VALUES ('1_109_1', '1_109', '1_109', '1_109_2', 'Leaf');
INSERT INTO LN   VALUES ('1_109_1', 'Term');
INSERT INTO T    VALUES ('1_109_1', 'BANG', '!');
INSERT INTO N    VALUES ('1_109_2', '1_109', '1_109', '1_109_3', 'Leaf');
INSERT INTO LN   VALUES ('1_109_2', 'Term');
INSERT INTO T    VALUES ('1_109_2', 'COLON', ':');
INSERT INTO N    VALUES ('1_109_3', '1_109', '1_109', '1_109_4', 'Leaf');
INSERT INTO LN   VALUES ('1_109_3', 'Term');
INSERT INTO T    VALUES ('1_109_3', 'STRING_LITERAL', 'not');
INSERT INTO N    VALUES ('1_109_4', '1_109', '1_109', '1_109_5', 'Leaf');
INSERT INTO LN   VALUES ('1_109_4', 'Rref');
INSERT INTO RR   VALUES ('1_109_4', 'term');
INSERT INTO N    VALUES ('1_110', '1', '1_110', '1_111', 'Nonleaf');
INSERT INTO NLN  VALUES ('1_110', '1_110_1', 'Rule');
INSERT INTO R    VALUES ('1_110', 'term');
INSERT INTO N    VALUES ('1_110_1', '1_110', '1_110', '1_110_2', 'Leaf');
INSERT INTO LN   VALUES ('1_110_1', 'Term');
INSERT INTO T    VALUES ('1_110_1', 'COLON', ':');
INSERT INTO N    VALUES ('1_110_2', '1_110', '1_110', '1_110_3', 'Nonleaf');
INSERT INTO NLN  VALUES ('1_110_2', '1_110_2_1', 'Ebnf');
INSERT INTO EBNF VALUES ('1_110_2', '=>');
INSERT INTO N    VALUES ('1_110_2_1', '1_110_2', '1_110', '1_110_2_2', 'Leaf');
INSERT INTO LN   VALUES ('1_110_2_1', 'Rref');
INSERT INTO RR   VALUES ('1_110_2_1', 'cardinality_op');
INSERT INTO N    VALUES ('1_110_3', '1_110', '1_110', '1_110_4', 'Leaf');
INSERT INTO LN   VALUES ('1_110_3', 'Rref');
INSERT INTO RR   VALUES ('1_110_3', 'cardinality_op');
INSERT INTO N    VALUES ('1_110_4', '1_110', '1_110', '1_110_5', 'Leaf');
INSERT INTO LN   VALUES ('1_110_4', 'Term');
INSERT INTO T    VALUES ('1_110_4', 'OR', '|');
INSERT INTO N    VALUES ('1_110_5', '1_110', '1_110', '1_110_6', 'Nonleaf');
INSERT INTO NLN  VALUES ('1_110_5', '1_110_5_1', 'Ebnf');
INSERT INTO EBNF VALUES ('1_110_5', '=>');
INSERT INTO N    VALUES ('1_110_5_1', '1_110_5', '1_110', '1_110_5_2', 'Leaf');
INSERT INTO LN   VALUES ('1_110_5_1', 'Rref');
INSERT INTO RR   VALUES ('1_110_5_1', 'empty_op');
INSERT INTO N    VALUES ('1_110_6', '1_110', '1_110', '1_110_7', 'Leaf');
INSERT INTO LN   VALUES ('1_110_6', 'Rref');
INSERT INTO RR   VALUES ('1_110_6', 'empty_op');
INSERT INTO N    VALUES ('1_110_7', '1_110', '1_110', '1_110_8', 'Leaf');
INSERT INTO LN   VALUES ('1_110_7', 'Term');
INSERT INTO T    VALUES ('1_110_7', 'OR', '|');
INSERT INTO N    VALUES ('1_110_8', '1_110', '1_110', '1_110_9', 'Nonleaf');
INSERT INTO NLN  VALUES ('1_110_8', '1_110_8_1', 'Ebnf');
INSERT INTO EBNF VALUES ('1_110_8', '=>');
INSERT INTO N    VALUES ('1_110_8_1', '1_110_8', '1_110', '1_110_8_2', 'Leaf');
INSERT INTO LN   VALUES ('1_110_8_1', 'Rref');
INSERT INTO RR   VALUES ('1_110_8_1', 'not_empty_op');
INSERT INTO N    VALUES ('1_110_9', '1_110', '1_110', '1_110_10', 'Leaf');
INSERT INTO LN   VALUES ('1_110_9', 'Rref');
INSERT INTO RR   VALUES ('1_110_9', 'not_empty_op');
INSERT INTO N    VALUES ('1_110_10', '1_110', '1_110', '1_110_11', 'Leaf');
INSERT INTO LN   VALUES ('1_110_10', 'Term');
INSERT INTO T    VALUES ('1_110_10', 'OR', '|');
INSERT INTO N    VALUES ('1_110_11', '1_110', '1_110', '1_110_12', 'Leaf');
INSERT INTO LN   VALUES ('1_110_11', 'Rref');
INSERT INTO RR   VALUES ('1_110_11', 'rval');
INSERT INTO N    VALUES ('1_110_12', '1_110', '1_110', '1_110_13', 'Leaf');
INSERT INTO LN   VALUES ('1_110_12', 'Term');
INSERT INTO T    VALUES ('1_110_12', 'OR', '|');
INSERT INTO N    VALUES ('1_110_13', '1_110', '1_110', '1_110_14', 'Leaf');
INSERT INTO LN   VALUES ('1_110_13', 'Term');
INSERT INTO T    VALUES ('1_110_13', 'TOKEN_REF', 'TOK_LPAREN');
INSERT INTO N    VALUES ('1_110_14', '1_110', '1_110', '1_110_15', 'Leaf');
INSERT INTO LN   VALUES ('1_110_14', 'Term');
INSERT INTO T    VALUES ('1_110_14', 'BANG', '!');
INSERT INTO N    VALUES ('1_110_15', '1_110', '1_110', '1_110_16', 'Nonleaf');
INSERT INTO NLN  VALUES ('1_110_15', '1_110_15_1', 'Ebnf');
INSERT INTO EBNF VALUES ('1_110_15', '');
INSERT INTO N    VALUES ('1_110_15_1', '1_110_15', '1_110', '1_110_15_2', 'Nonleaf');
INSERT INTO NLN  VALUES ('1_110_15_1', '1_110_15_1_1', 'Ebnf');
INSERT INTO EBNF VALUES ('1_110_15_1', '=>');
INSERT INTO N    VALUES ('1_110_15_1_1', '1_110_15_1', '1_110', '1_110_15_1_2', 'Leaf');
INSERT INTO LN   VALUES ('1_110_15_1_1', 'Rref');
INSERT INTO RR   VALUES ('1_110_15_1_1', 'assignment_expr');
INSERT INTO N    VALUES ('1_110_15_2', '1_110_15', '1_110', '1_110_15_3', 'Leaf');
INSERT INTO LN   VALUES ('1_110_15_2', 'Rref');
INSERT INTO RR   VALUES ('1_110_15_2', 'assignment_expr');
INSERT INTO N    VALUES ('1_110_15_3', '1_110_15', '1_110', '1_110_15_4', 'Leaf');
INSERT INTO LN   VALUES ('1_110_15_3', 'Term');
INSERT INTO T    VALUES ('1_110_15_3', 'OR', '|');
INSERT INTO N    VALUES ('1_110_15_4', '1_110_15', '1_110', '1_110_15_5', 'Leaf');
INSERT INTO LN   VALUES ('1_110_15_4', 'Rref');
INSERT INTO RR   VALUES ('1_110_15_4', 'expr');
INSERT INTO N    VALUES ('1_110_16', '1_110', '1_110', '1_110_17', 'Leaf');
INSERT INTO LN   VALUES ('1_110_16', 'Term');
INSERT INTO T    VALUES ('1_110_16', 'TOKEN_REF', 'TOK_RPAREN');
INSERT INTO N    VALUES ('1_110_17', '1_110', '1_110', '1_110_18', 'Leaf');
INSERT INTO LN   VALUES ('1_110_17', 'Term');
INSERT INTO T    VALUES ('1_110_17', 'BANG', '!');
INSERT INTO N    VALUES ('1_111', '1', '1_111', '1_112', 'Nonleaf');
INSERT INTO NLN  VALUES ('1_111', '1_111_1', 'Rule');
INSERT INTO R    VALUES ('1_111', 'cardinality_op');
INSERT INTO N    VALUES ('1_111_1', '1_111', '1_111', '1_111_2', 'Leaf');
INSERT INTO LN   VALUES ('1_111_1', 'Term');
INSERT INTO T    VALUES ('1_111_1', 'COLON', ':');
INSERT INTO N    VALUES ('1_111_2', '1_111', '1_111', '1_111_3', 'Leaf');
INSERT INTO LN   VALUES ('1_111_2', 'Term');
INSERT INTO T    VALUES ('1_111_2', 'STRING_LITERAL', 'cardinality');
INSERT INTO N    VALUES ('1_111_3', '1_111', '1_111', '1_111_4', 'Leaf');
INSERT INTO LN   VALUES ('1_111_3', 'Term');
INSERT INTO T    VALUES ('1_111_3', 'BANG', '!');
INSERT INTO N    VALUES ('1_111_4', '1_111', '1_111', '1_111_5', 'Leaf');
INSERT INTO LN   VALUES ('1_111_4', 'Rref');
INSERT INTO RR   VALUES ('1_111_4', 'local_variable');
INSERT INTO N    VALUES ('1_111_5', '1_111', '1_111', '1_111_6', 'Leaf');
INSERT INTO LN   VALUES ('1_111_5', 'Term');
INSERT INTO T    VALUES ('1_111_5', 'ARG_ACTION', 'false');
INSERT INTO N    VALUES ('1_112', '1', '1_112', '1_113', 'Nonleaf');
INSERT INTO NLN  VALUES ('1_112', '1_112_1', 'Rule');
INSERT INTO R    VALUES ('1_112', 'empty_op');
INSERT INTO N    VALUES ('1_112_1', '1_112', '1_112', '1_112_2', 'Leaf');
INSERT INTO LN   VALUES ('1_112_1', 'Term');
INSERT INTO T    VALUES ('1_112_1', 'COLON', ':');
INSERT INTO N    VALUES ('1_112_2', '1_112', '1_112', '1_112_3', 'Leaf');
INSERT INTO LN   VALUES ('1_112_2', 'Term');
INSERT INTO T    VALUES ('1_112_2', 'STRING_LITERAL', 'empty');
INSERT INTO N    VALUES ('1_112_3', '1_112', '1_112', '1_112_4', 'Leaf');
INSERT INTO LN   VALUES ('1_112_3', 'Term');
INSERT INTO T    VALUES ('1_112_3', 'BANG', '!');
INSERT INTO N    VALUES ('1_112_4', '1_112', '1_112', '1_112_5', 'Leaf');
INSERT INTO LN   VALUES ('1_112_4', 'Rref');
INSERT INTO RR   VALUES ('1_112_4', 'local_variable');
INSERT INTO N    VALUES ('1_112_5', '1_112', '1_112', '1_112_6', 'Leaf');
INSERT INTO LN   VALUES ('1_112_5', 'Term');
INSERT INTO T    VALUES ('1_112_5', 'ARG_ACTION', 'false');
INSERT INTO N    VALUES ('1_113', '1', '1_113', '1_114', 'Nonleaf');
INSERT INTO NLN  VALUES ('1_113', '1_113_1', 'Rule');
INSERT INTO R    VALUES ('1_113', 'not_empty_op');
INSERT INTO N    VALUES ('1_113_1', '1_113', '1_113', '1_113_2', 'Leaf');
INSERT INTO LN   VALUES ('1_113_1', 'Term');
INSERT INTO T    VALUES ('1_113_1', 'COLON', ':');
INSERT INTO N    VALUES ('1_113_2', '1_113', '1_113', '1_113_3', 'Leaf');
INSERT INTO LN   VALUES ('1_113_2', 'Term');
INSERT INTO T    VALUES ('1_113_2', 'STRING_LITERAL', 'not_empty');
INSERT INTO N    VALUES ('1_113_3', '1_113', '1_113', '1_113_4', 'Leaf');
INSERT INTO LN   VALUES ('1_113_3', 'Term');
INSERT INTO T    VALUES ('1_113_3', 'BANG', '!');
INSERT INTO N    VALUES ('1_113_4', '1_113', '1_113', '1_113_5', 'Leaf');
INSERT INTO LN   VALUES ('1_113_4', 'Rref');
INSERT INTO RR   VALUES ('1_113_4', 'local_variable');
INSERT INTO N    VALUES ('1_113_5', '1_113', '1_113', '1_113_6', 'Leaf');
INSERT INTO LN   VALUES ('1_113_5', 'Term');
INSERT INTO T    VALUES ('1_113_5', 'ARG_ACTION', 'false');
INSERT INTO N    VALUES ('1_114', '1', '1_114', '1_115', 'Nonleaf');
INSERT INTO NLN  VALUES ('1_114', '1_114_1', 'Rule');
INSERT INTO R    VALUES ('1_114', 'instance_start_segment');
INSERT INTO N    VALUES ('1_114_1', '1_114', '1_114', '1_114_2', 'Leaf');
INSERT INTO LN   VALUES ('1_114_1', 'Term');
INSERT INTO T    VALUES ('1_114_1', 'ARG_ACTION', 'boolean isLval');
INSERT INTO N    VALUES ('1_114_2', '1_114', '1_114', '1_114_3', 'Leaf');
INSERT INTO LN   VALUES ('1_114_2', 'Term');
INSERT INTO T    VALUES ('1_114_2', 'COLON', ':');
INSERT INTO N    VALUES ('1_114_3', '1_114', '1_114', '1_114_4', 'Leaf');
INSERT INTO LN   VALUES ('1_114_3', 'Rref');
INSERT INTO RR   VALUES ('1_114_3', 'root_element_label');
INSERT INTO N    VALUES ('1_114_4', '1_114', '1_114', '1_114_5', 'Leaf');
INSERT INTO LN   VALUES ('1_114_4', 'Term');
INSERT INTO T    VALUES ('1_114_4', 'ARG_ACTION', 'isLval');
INSERT INTO N    VALUES ('1_114_5', '1_114', '1_114', '1_114_6', 'Nonleaf');
INSERT INTO NLN  VALUES ('1_114_5', '1_114_5_1', 'Ebnf');
INSERT INTO EBNF VALUES ('1_114_5', '?');
INSERT INTO N    VALUES ('1_114_5_1', '1_114_5', '1_114', '1_114_5_2', 'Leaf');
INSERT INTO LN   VALUES ('1_114_5_1', 'Rref');
INSERT INTO RR   VALUES ('1_114_5_1', 'array_refs');
INSERT INTO N    VALUES ('1_115', '1', '1_115', '1_116', 'Nonleaf');
INSERT INTO NLN  VALUES ('1_115', '1_115_1', 'Rule');
INSERT INTO R    VALUES ('1_115', 'instance_access_segment');
INSERT INTO N    VALUES ('1_115_1', '1_115', '1_115', '1_115_2', 'Leaf');
INSERT INTO LN   VALUES ('1_115_1', 'Term');
INSERT INTO T    VALUES ('1_115_1', 'ARG_ACTION', 'boolean isLval');
INSERT INTO N    VALUES ('1_115_2', '1_115', '1_115', '1_115_3', 'Leaf');
INSERT INTO LN   VALUES ('1_115_2', 'Term');
INSERT INTO T    VALUES ('1_115_2', 'COLON', ':');
INSERT INTO N    VALUES ('1_115_3', '1_115', '1_115', '1_115_4', 'Leaf');
INSERT INTO LN   VALUES ('1_115_3', 'Rref');
INSERT INTO RR   VALUES ('1_115_3', 'element_label');
INSERT INTO N    VALUES ('1_115_4', '1_115', '1_115', '1_115_5', 'Leaf');
INSERT INTO LN   VALUES ('1_115_4', 'Term');
INSERT INTO T    VALUES ('1_115_4', 'ARG_ACTION', 'isLval');
INSERT INTO N    VALUES ('1_115_5', '1_115', '1_115', '1_115_6', 'Nonleaf');
INSERT INTO NLN  VALUES ('1_115_5', '1_115_5_1', 'Ebnf');
INSERT INTO EBNF VALUES ('1_115_5', '?');
INSERT INTO N    VALUES ('1_115_5_1', '1_115_5', '1_115', '1_115_5_2', 'Leaf');
INSERT INTO LN   VALUES ('1_115_5_1', 'Rref');
INSERT INTO RR   VALUES ('1_115_5_1', 'array_refs');
INSERT INTO N    VALUES ('1_116', '1', '1_116', '1_117', 'Nonleaf');
INSERT INTO NLN  VALUES ('1_116', '1_116_1', 'Rule');
INSERT INTO R    VALUES ('1_116', 'member_access');
INSERT INTO N    VALUES ('1_116_1', '1_116', '1_116', '1_116_2', 'Leaf');
INSERT INTO LN   VALUES ('1_116_1', 'Term');
INSERT INTO T    VALUES ('1_116_1', 'ARG_ACTION', 'boolean isLval');
INSERT INTO N    VALUES ('1_116_2', '1_116', '1_116', '1_116_3', 'Leaf');
INSERT INTO LN   VALUES ('1_116_2', 'Term');
INSERT INTO T    VALUES ('1_116_2', 'COLON', ':');
INSERT INTO N    VALUES ('1_116_3', '1_116', '1_116', '1_116_4', 'Leaf');
INSERT INTO LN   VALUES ('1_116_3', 'Rref');
INSERT INTO RR   VALUES ('1_116_3', 'instance_start_segment');
INSERT INTO N    VALUES ('1_116_4', '1_116', '1_116', '1_116_5', 'Leaf');
INSERT INTO LN   VALUES ('1_116_4', 'Term');
INSERT INTO T    VALUES ('1_116_4', 'ARG_ACTION', 'isLval');
INSERT INTO N    VALUES ('1_116_5', '1_116', '1_116', '1_116_6', 'Nonleaf');
INSERT INTO NLN  VALUES ('1_116_5', '1_116_5_1', 'Ebnf');
INSERT INTO EBNF VALUES ('1_116_5', '*');
INSERT INTO N    VALUES ('1_116_5_1', '1_116_5', '1_116', '1_116_5_2', 'Leaf');
INSERT INTO LN   VALUES ('1_116_5_1', 'Term');
INSERT INTO T    VALUES ('1_116_5_1', 'TOKEN_REF', 'TOK_DOT');
INSERT INTO N    VALUES ('1_116_5_2', '1_116_5', '1_116', '1_116_5_3', 'Leaf');
INSERT INTO LN   VALUES ('1_116_5_2', 'Term');
INSERT INTO T    VALUES ('1_116_5_2', 'BANG', '!');
INSERT INTO N    VALUES ('1_116_5_3', '1_116_5', '1_116', '1_116_5_4', 'Leaf');
INSERT INTO LN   VALUES ('1_116_5_3', 'Rref');
INSERT INTO RR   VALUES ('1_116_5_3', 'instance_access_segment');
INSERT INTO N    VALUES ('1_116_5_4', '1_116_5', '1_116', '1_116_5_5', 'Leaf');
INSERT INTO LN   VALUES ('1_116_5_4', 'Term');
INSERT INTO T    VALUES ('1_116_5_4', 'ARG_ACTION', 'isLval');
INSERT INTO N    VALUES ('1_117', '1', '1_117', '1_118', 'Nonleaf');
INSERT INTO NLN  VALUES ('1_117', '1_117_1', 'Rule');
INSERT INTO R    VALUES ('1_117', 'param_data_access');
INSERT INTO N    VALUES ('1_117_1', '1_117', '1_117', '1_117_2', 'Leaf');
INSERT INTO LN   VALUES ('1_117_1', 'Term');
INSERT INTO T    VALUES ('1_117_1', 'ARG_ACTION', 'boolean isLval');
INSERT INTO N    VALUES ('1_117_2', '1_117', '1_117', '1_117_3', 'Leaf');
INSERT INTO LN   VALUES ('1_117_2', 'Term');
INSERT INTO T    VALUES ('1_117_2', 'COLON', ':');
INSERT INTO N    VALUES ('1_117_3', '1_117', '1_117', '1_117_4', 'Leaf');
INSERT INTO LN   VALUES ('1_117_3', 'Term');
INSERT INTO T    VALUES ('1_117_3', 'STRING_LITERAL', 'param');
INSERT INTO N    VALUES ('1_117_4', '1_117', '1_117', '1_117_5', 'Leaf');
INSERT INTO LN   VALUES ('1_117_4', 'Term');
INSERT INTO T    VALUES ('1_117_4', 'BANG', '!');
INSERT INTO N    VALUES ('1_117_5', '1_117', '1_117', '1_117_6', 'Leaf');
INSERT INTO LN   VALUES ('1_117_5', 'Term');
INSERT INTO T    VALUES ('1_117_5', 'TOKEN_REF', 'TOK_DOT');
INSERT INTO N    VALUES ('1_117_6', '1_117', '1_117', '1_117_7', 'Leaf');
INSERT INTO LN   VALUES ('1_117_6', 'Term');
INSERT INTO T    VALUES ('1_117_6', 'BANG', '!');
INSERT INTO N    VALUES ('1_117_7', '1_117', '1_117', '1_117_8', 'Leaf');
INSERT INTO LN   VALUES ('1_117_7', 'Rref');
INSERT INTO RR   VALUES ('1_117_7', 'member_access');
INSERT INTO N    VALUES ('1_117_8', '1_117', '1_117', '1_117_9', 'Leaf');
INSERT INTO LN   VALUES ('1_117_8', 'Term');
INSERT INTO T    VALUES ('1_117_8', 'ARG_ACTION', 'isLval');
INSERT INTO N    VALUES ('1_118', '1', '1_118', '1_119', 'Nonleaf');
INSERT INTO NLN  VALUES ('1_118', '1_118_1', 'Rule');
INSERT INTO R    VALUES ('1_118', 'event_data_access');
INSERT INTO N    VALUES ('1_118_1', '1_118', '1_118', '1_118_2', 'Leaf');
INSERT INTO LN   VALUES ('1_118_1', 'Term');
INSERT INTO T    VALUES ('1_118_1', 'COLON', ':');
INSERT INTO N    VALUES ('1_118_2', '1_118', '1_118', '1_118_3', 'Leaf');
INSERT INTO LN   VALUES ('1_118_2', 'Term');
INSERT INTO T    VALUES ('1_118_2', 'STRING_LITERAL', 'rcvd_evt');
INSERT INTO N    VALUES ('1_118_3', '1_118', '1_118', '1_118_4', 'Leaf');
INSERT INTO LN   VALUES ('1_118_3', 'Term');
INSERT INTO T    VALUES ('1_118_3', 'BANG', '!');
INSERT INTO N    VALUES ('1_118_4', '1_118', '1_118', '1_118_5', 'Leaf');
INSERT INTO LN   VALUES ('1_118_4', 'Term');
INSERT INTO T    VALUES ('1_118_4', 'TOKEN_REF', 'TOK_DOT');
INSERT INTO N    VALUES ('1_118_5', '1_118', '1_118', '1_118_6', 'Leaf');
INSERT INTO LN   VALUES ('1_118_5', 'Term');
INSERT INTO T    VALUES ('1_118_5', 'BANG', '!');
INSERT INTO N    VALUES ('1_118_6', '1_118', '1_118', '1_118_7', 'Leaf');
INSERT INTO LN   VALUES ('1_118_6', 'Rref');
INSERT INTO RR   VALUES ('1_118_6', 'member_access');
INSERT INTO N    VALUES ('1_118_7', '1_118', '1_118', '1_118_8', 'Leaf');
INSERT INTO LN   VALUES ('1_118_7', 'Term');
INSERT INTO T    VALUES ('1_118_7', 'ARG_ACTION', 'false');
INSERT INTO N    VALUES ('1_119', '1', '1_119', '1_120', 'Nonleaf');
INSERT INTO NLN  VALUES ('1_119', '1_119_1', 'Rule');
INSERT INTO R    VALUES ('1_119', 'array_refs');
INSERT INTO N    VALUES ('1_119_1', '1_119', '1_119', '1_119_2', 'Leaf');
INSERT INTO LN   VALUES ('1_119_1', 'Term');
INSERT INTO T    VALUES ('1_119_1', 'COLON', ':');
INSERT INTO N    VALUES ('1_119_2', '1_119', '1_119', '1_119_3', 'Nonleaf');
INSERT INTO NLN  VALUES ('1_119_2', '1_119_2_1', 'Ebnf');
INSERT INTO EBNF VALUES ('1_119_2', '+');
INSERT INTO N    VALUES ('1_119_2_1', '1_119_2', '1_119', '1_119_2_2', 'Leaf');
INSERT INTO LN   VALUES ('1_119_2_1', 'Term');
INSERT INTO T    VALUES ('1_119_2_1', 'TOKEN_REF', 'TOK_LSQBR');
INSERT INTO N    VALUES ('1_119_2_2', '1_119_2', '1_119', '1_119_2_3', 'Leaf');
INSERT INTO LN   VALUES ('1_119_2_2', 'Term');
INSERT INTO T    VALUES ('1_119_2_2', 'BANG', '!');
INSERT INTO N    VALUES ('1_119_2_3', '1_119_2', '1_119', '1_119_2_4', 'Leaf');
INSERT INTO LN   VALUES ('1_119_2_3', 'Rref');
INSERT INTO RR   VALUES ('1_119_2_3', 'expr');
INSERT INTO N    VALUES ('1_119_2_4', '1_119_2', '1_119', '1_119_2_5', 'Leaf');
INSERT INTO LN   VALUES ('1_119_2_4', 'Term');
INSERT INTO T    VALUES ('1_119_2_4', 'TOKEN_REF', 'TOK_RSQBR');
INSERT INTO N    VALUES ('1_119_2_5', '1_119_2', '1_119', '1_119_2_6', 'Leaf');
INSERT INTO LN   VALUES ('1_119_2_5', 'Term');
INSERT INTO T    VALUES ('1_119_2_5', 'BANG', '!');
INSERT INTO N    VALUES ('1_120', '1', '1_120', '1_121', 'Nonleaf');
INSERT INTO NLN  VALUES ('1_120', '1_120_1', 'Rule');
INSERT INTO R    VALUES ('1_120', 'rval');
INSERT INTO N    VALUES ('1_120_1', '1_120', '1_120', '1_120_2', 'Leaf');
INSERT INTO LN   VALUES ('1_120_1', 'Term');
INSERT INTO T    VALUES ('1_120_1', 'COLON', ':');
INSERT INTO N    VALUES ('1_120_2', '1_120', '1_120', '1_120_3', 'Nonleaf');
INSERT INTO NLN  VALUES ('1_120_2', '1_120_2_1', 'Ebnf');
INSERT INTO EBNF VALUES ('1_120_2', '=>');
INSERT INTO N    VALUES ('1_120_2_1', '1_120_2', '1_120', '1_120_2_2', 'Leaf');
INSERT INTO LN   VALUES ('1_120_2_1', 'Term');
INSERT INTO T    VALUES ('1_120_2_1', 'TOKEN_REF', 'TOK_DOUBLECOLON');
INSERT INTO N    VALUES ('1_120_3', '1_120', '1_120', '1_120_4', 'Leaf');
INSERT INTO LN   VALUES ('1_120_3', 'Term');
INSERT INTO T    VALUES ('1_120_3', 'TOKEN_REF', 'TOK_DOUBLECOLON');
INSERT INTO N    VALUES ('1_120_4', '1_120', '1_120', '1_120_5', 'Leaf');
INSERT INTO LN   VALUES ('1_120_4', 'Term');
INSERT INTO T    VALUES ('1_120_4', 'BANG', '!');
INSERT INTO N    VALUES ('1_120_5', '1_120', '1_120', '1_120_6', 'Leaf');
INSERT INTO LN   VALUES ('1_120_5', 'Rref');
INSERT INTO RR   VALUES ('1_120_5', 'function_invocation');
INSERT INTO N    VALUES ('1_120_6', '1_120', '1_120', '1_120_7', 'Leaf');
INSERT INTO LN   VALUES ('1_120_6', 'Term');
INSERT INTO T    VALUES ('1_120_6', 'ARG_ACTION', 'true');
INSERT INTO N    VALUES ('1_120_7', '1_120', '1_120', '1_120_8', 'Leaf');
INSERT INTO LN   VALUES ('1_120_7', 'Term');
INSERT INTO T    VALUES ('1_120_7', 'OR', '|');
INSERT INTO N    VALUES ('1_120_8', '1_120', '1_120', '1_120_9', 'Nonleaf');
INSERT INTO NLN  VALUES ('1_120_8', '1_120_8_1', 'Ebnf');
INSERT INTO EBNF VALUES ('1_120_8', '=>');
INSERT INTO N    VALUES ('1_120_8_1', '1_120_8', '1_120', '1_120_8_2', 'Leaf');
INSERT INTO LN   VALUES ('1_120_8_1', 'Rref');
INSERT INTO RR   VALUES ('1_120_8_1', 'transform_ib_invocation');
INSERT INTO N    VALUES ('1_120_8_2', '1_120_8', '1_120', '1_120_8_3', 'Leaf');
INSERT INTO LN   VALUES ('1_120_8_2', 'Term');
INSERT INTO T    VALUES ('1_120_8_2', 'ARG_ACTION', 'true');
INSERT INTO N    VALUES ('1_120_9', '1_120', '1_120', '1_120_10', 'Leaf');
INSERT INTO LN   VALUES ('1_120_9', 'Rref');
INSERT INTO RR   VALUES ('1_120_9', 'transform_ib_invocation');
INSERT INTO N    VALUES ('1_120_10', '1_120', '1_120', '1_120_11', 'Leaf');
INSERT INTO LN   VALUES ('1_120_10', 'Term');
INSERT INTO T    VALUES ('1_120_10', 'ARG_ACTION', 'true');
INSERT INTO N    VALUES ('1_120_11', '1_120', '1_120', '1_120_12', 'Leaf');
INSERT INTO LN   VALUES ('1_120_11', 'Term');
INSERT INTO T    VALUES ('1_120_11', 'OR', '|');
INSERT INTO N    VALUES ('1_120_12', '1_120', '1_120', '1_120_13', 'Nonleaf');
INSERT INTO NLN  VALUES ('1_120_12', '1_120_12_1', 'Ebnf');
INSERT INTO EBNF VALUES ('1_120_12', '=>');
INSERT INTO N    VALUES ('1_120_12_1', '1_120_12', '1_120', '1_120_12_2', 'Leaf');
INSERT INTO LN   VALUES ('1_120_12_1', 'Rref');
INSERT INTO RR   VALUES ('1_120_12_1', 'invocation_expr');
INSERT INTO N    VALUES ('1_120_13', '1_120', '1_120', '1_120_14', 'Leaf');
INSERT INTO LN   VALUES ('1_120_13', 'Rref');
INSERT INTO RR   VALUES ('1_120_13', 'invocation_expr');
INSERT INTO N    VALUES ('1_120_14', '1_120', '1_120', '1_120_15', 'Leaf');
INSERT INTO LN   VALUES ('1_120_14', 'Term');
INSERT INTO T    VALUES ('1_120_14', 'OR', '|');
INSERT INTO N    VALUES ('1_120_15', '1_120', '1_120', '1_120_16', 'Nonleaf');
INSERT INTO NLN  VALUES ('1_120_15', '1_120_15_1', 'Ebnf');
INSERT INTO EBNF VALUES ('1_120_15', '=>');
INSERT INTO N    VALUES ('1_120_15_1', '1_120_15', '1_120', '1_120_15_2', 'Leaf');
INSERT INTO LN   VALUES ('1_120_15_1', 'Rref');
INSERT INTO RR   VALUES ('1_120_15_1', 'enumerator_access');
INSERT INTO N    VALUES ('1_120_16', '1_120', '1_120', '1_120_17', 'Leaf');
INSERT INTO LN   VALUES ('1_120_16', 'Rref');
INSERT INTO RR   VALUES ('1_120_16', 'enumerator_access');
INSERT INTO N    VALUES ('1_120_17', '1_120', '1_120', '1_120_18', 'Leaf');
INSERT INTO LN   VALUES ('1_120_17', 'Term');
INSERT INTO T    VALUES ('1_120_17', 'OR', '|');
INSERT INTO N    VALUES ('1_120_18', '1_120', '1_120', '1_120_19', 'Leaf');
INSERT INTO LN   VALUES ('1_120_18', 'Rref');
INSERT INTO RR   VALUES ('1_120_18', 'member_access');
INSERT INTO N    VALUES ('1_120_19', '1_120', '1_120', '1_120_20', 'Leaf');
INSERT INTO LN   VALUES ('1_120_19', 'Term');
INSERT INTO T    VALUES ('1_120_19', 'ARG_ACTION', 'false');
INSERT INTO N    VALUES ('1_120_20', '1_120', '1_120', '1_120_21', 'Leaf');
INSERT INTO LN   VALUES ('1_120_20', 'Term');
INSERT INTO T    VALUES ('1_120_20', 'OR', '|');
INSERT INTO N    VALUES ('1_120_21', '1_120', '1_120', '1_120_22', 'Leaf');
INSERT INTO LN   VALUES ('1_120_21', 'Rref');
INSERT INTO RR   VALUES ('1_120_21', 'constant_value');
INSERT INTO N    VALUES ('1_120_22', '1_120', '1_120', '1_120_23', 'Leaf');
INSERT INTO LN   VALUES ('1_120_22', 'Term');
INSERT INTO T    VALUES ('1_120_22', 'OR', '|');
INSERT INTO N    VALUES ('1_120_23', '1_120', '1_120', '1_120_24', 'Nonleaf');
INSERT INTO NLN  VALUES ('1_120_23', '1_120_23_1', 'Ebnf');
INSERT INTO EBNF VALUES ('1_120_23', '=>');
INSERT INTO N    VALUES ('1_120_23_1', '1_120_23', '1_120', '1_120_23_2', 'Leaf');
INSERT INTO LN   VALUES ('1_120_23_1', 'Term');
INSERT INTO T    VALUES ('1_120_23_1', 'STRING_LITERAL', 'rcvd_evt');
INSERT INTO N    VALUES ('1_120_23_2', '1_120_23', '1_120', '1_120_23_3', 'Leaf');
INSERT INTO LN   VALUES ('1_120_23_2', 'Term');
INSERT INTO T    VALUES ('1_120_23_2', 'TOKEN_REF', 'TOK_DOT');
INSERT INTO N    VALUES ('1_120_24', '1_120', '1_120', '1_120_25', 'Leaf');
INSERT INTO LN   VALUES ('1_120_24', 'Rref');
INSERT INTO RR   VALUES ('1_120_24', 'event_data_access');
INSERT INTO N    VALUES ('1_120_25', '1_120', '1_120', '1_120_26', 'Leaf');
INSERT INTO LN   VALUES ('1_120_25', 'Term');
INSERT INTO T    VALUES ('1_120_25', 'OR', '|');
INSERT INTO N    VALUES ('1_120_26', '1_120', '1_120', '1_120_27', 'Leaf');
INSERT INTO LN   VALUES ('1_120_26', 'Rref');
INSERT INTO RR   VALUES ('1_120_26', 'bridge_expr');
INSERT INTO N    VALUES ('1_120_27', '1_120', '1_120', '1_120_28', 'Leaf');
INSERT INTO LN   VALUES ('1_120_27', 'Term');
INSERT INTO T    VALUES ('1_120_27', 'OR', '|');
INSERT INTO N    VALUES ('1_120_28', '1_120', '1_120', '1_120_29', 'Nonleaf');
INSERT INTO NLN  VALUES ('1_120_28', '1_120_28_1', 'Ebnf');
INSERT INTO EBNF VALUES ('1_120_28', '=>');
INSERT INTO N    VALUES ('1_120_28_1', '1_120_28', '1_120', '1_120_28_2', 'Leaf');
INSERT INTO LN   VALUES ('1_120_28_1', 'Term');
INSERT INTO T    VALUES ('1_120_28_1', 'STRING_LITERAL', 'param');
INSERT INTO N    VALUES ('1_120_28_2', '1_120_28', '1_120', '1_120_28_3', 'Leaf');
INSERT INTO LN   VALUES ('1_120_28_2', 'Term');
INSERT INTO T    VALUES ('1_120_28_2', 'TOKEN_REF', 'TOK_DOT');
INSERT INTO N    VALUES ('1_120_29', '1_120', '1_120', '1_120_30', 'Leaf');
INSERT INTO LN   VALUES ('1_120_29', 'Rref');
INSERT INTO RR   VALUES ('1_120_29', 'param_data_access');
INSERT INTO N    VALUES ('1_120_30', '1_120', '1_120', '1_120_31', 'Leaf');
INSERT INTO LN   VALUES ('1_120_30', 'Term');
INSERT INTO T    VALUES ('1_120_30', 'ARG_ACTION', 'false');
INSERT INTO N    VALUES ('1_120_31', '1_120', '1_120', '1_120_32', 'Leaf');
INSERT INTO LN   VALUES ('1_120_31', 'Term');
INSERT INTO T    VALUES ('1_120_31', 'OR', '|');
INSERT INTO N    VALUES ('1_120_32', '1_120', '1_120', '1_120_33', 'Leaf');
INSERT INTO LN   VALUES ('1_120_32', 'Term');
INSERT INTO T    VALUES ('1_120_32', 'TOKEN_REF', 'TOK_QMARK');
INSERT INTO N    VALUES ('1_121', '1', '1_121', '1_122', 'Nonleaf');
INSERT INTO NLN  VALUES ('1_121', '1_121_1', 'Rule');
INSERT INTO R    VALUES ('1_121', 'constant_value');
INSERT INTO N    VALUES ('1_121_1', '1_121', '1_121', '1_121_2', 'Leaf');
INSERT INTO LN   VALUES ('1_121_1', 'Term');
INSERT INTO T    VALUES ('1_121_1', 'COLON', ':');
INSERT INTO N    VALUES ('1_121_2', '1_121', '1_121', '1_121_3', 'Leaf');
INSERT INTO LN   VALUES ('1_121_2', 'Term');
INSERT INTO T    VALUES ('1_121_2', 'TOKEN_REF', 'TOK_FRACTION');
INSERT INTO N    VALUES ('1_121_3', '1_121', '1_121', '1_121_4', 'Leaf');
INSERT INTO LN   VALUES ('1_121_3', 'Term');
INSERT INTO T    VALUES ('1_121_3', 'OR', '|');
INSERT INTO N    VALUES ('1_121_4', '1_121', '1_121', '1_121_5', 'Leaf');
INSERT INTO LN   VALUES ('1_121_4', 'Term');
INSERT INTO T    VALUES ('1_121_4', 'TOKEN_REF', 'TOK_NUMBER');
INSERT INTO N    VALUES ('1_121_5', '1_121', '1_121', '1_121_6', 'Leaf');
INSERT INTO LN   VALUES ('1_121_5', 'Term');
INSERT INTO T    VALUES ('1_121_5', 'OR', '|');
INSERT INTO N    VALUES ('1_121_6', '1_121', '1_121', '1_121_7', 'Leaf');
INSERT INTO LN   VALUES ('1_121_6', 'Term');
INSERT INTO T    VALUES ('1_121_6', 'TOKEN_REF', 'TOK_STRING');
INSERT INTO N    VALUES ('1_121_7', '1_121', '1_121', '1_121_8', 'Leaf');
INSERT INTO LN   VALUES ('1_121_7', 'Term');
INSERT INTO T    VALUES ('1_121_7', 'OR', '|');
INSERT INTO N    VALUES ('1_121_8', '1_121', '1_121', '1_121_9', 'Leaf');
INSERT INTO LN   VALUES ('1_121_8', 'Term');
INSERT INTO T    VALUES ('1_121_8', 'STRING_LITERAL', 'true');
INSERT INTO N    VALUES ('1_121_9', '1_121', '1_121', '1_121_10', 'Leaf');
INSERT INTO LN   VALUES ('1_121_9', 'Term');
INSERT INTO T    VALUES ('1_121_9', 'OR', '|');
INSERT INTO N    VALUES ('1_121_10', '1_121', '1_121', '1_121_11', 'Leaf');
INSERT INTO LN   VALUES ('1_121_10', 'Term');
INSERT INTO T    VALUES ('1_121_10', 'STRING_LITERAL', 'false');
INSERT INTO N    VALUES ('1_122', '1', '1_122', '1_123', 'Nonleaf');
INSERT INTO NLN  VALUES ('1_122', '1_122_1', 'Rule');
INSERT INTO R    VALUES ('1_122', 'comparison_operator');
INSERT INTO N    VALUES ('1_122_1', '1_122', '1_122', '1_122_2', 'Leaf');
INSERT INTO LN   VALUES ('1_122_1', 'Term');
INSERT INTO T    VALUES ('1_122_1', 'BANG', '!');
INSERT INTO N    VALUES ('1_122_2', '1_122', '1_122', '1_122_3', 'Leaf');
INSERT INTO LN   VALUES ('1_122_2', 'Term');
INSERT INTO T    VALUES ('1_122_2', 'COLON', ':');
INSERT INTO N    VALUES ('1_122_3', '1_122', '1_122', '1_122_4', 'Leaf');
INSERT INTO LN   VALUES ('1_122_3', 'Term');
INSERT INTO T    VALUES ('1_122_3', 'TOKEN_REF', 'TOK_DOUBLEEQUAL');
INSERT INTO N    VALUES ('1_122_4', '1_122', '1_122', '1_122_5', 'Leaf');
INSERT INTO LN   VALUES ('1_122_4', 'Term');
INSERT INTO T    VALUES ('1_122_4', 'OR', '|');
INSERT INTO N    VALUES ('1_122_5', '1_122', '1_122', '1_122_6', 'Leaf');
INSERT INTO LN   VALUES ('1_122_5', 'Term');
INSERT INTO T    VALUES ('1_122_5', 'TOKEN_REF', 'TOK_NOTEQUAL');
INSERT INTO N    VALUES ('1_122_6', '1_122', '1_122', '1_122_7', 'Leaf');
INSERT INTO LN   VALUES ('1_122_6', 'Term');
INSERT INTO T    VALUES ('1_122_6', 'OR', '|');
INSERT INTO N    VALUES ('1_122_7', '1_122', '1_122', '1_122_8', 'Leaf');
INSERT INTO LN   VALUES ('1_122_7', 'Term');
INSERT INTO T    VALUES ('1_122_7', 'TOKEN_REF', 'TOK_LESSTHAN');
INSERT INTO N    VALUES ('1_122_8', '1_122', '1_122', '1_122_9', 'Leaf');
INSERT INTO LN   VALUES ('1_122_8', 'Term');
INSERT INTO T    VALUES ('1_122_8', 'OR', '|');
INSERT INTO N    VALUES ('1_122_9', '1_122', '1_122', '1_122_10', 'Leaf');
INSERT INTO LN   VALUES ('1_122_9', 'Term');
INSERT INTO T    VALUES ('1_122_9', 'TOKEN_REF', 'TOK_LE');
INSERT INTO N    VALUES ('1_122_10', '1_122', '1_122', '1_122_11', 'Leaf');
INSERT INTO LN   VALUES ('1_122_10', 'Term');
INSERT INTO T    VALUES ('1_122_10', 'OR', '|');
INSERT INTO N    VALUES ('1_122_11', '1_122', '1_122', '1_122_12', 'Leaf');
INSERT INTO LN   VALUES ('1_122_11', 'Term');
INSERT INTO T    VALUES ('1_122_11', 'TOKEN_REF', 'TOK_GT');
INSERT INTO N    VALUES ('1_122_12', '1_122', '1_122', '1_122_13', 'Leaf');
INSERT INTO LN   VALUES ('1_122_12', 'Term');
INSERT INTO T    VALUES ('1_122_12', 'OR', '|');
INSERT INTO N    VALUES ('1_122_13', '1_122', '1_122', '1_122_14', 'Leaf');
INSERT INTO LN   VALUES ('1_122_13', 'Term');
INSERT INTO T    VALUES ('1_122_13', 'TOKEN_REF', 'TOK_GE');
INSERT INTO N    VALUES ('1_123', '1', '1_123', '1_124', 'Nonleaf');
INSERT INTO NLN  VALUES ('1_123', '1_123_1', 'Rule');
INSERT INTO R    VALUES ('1_123', 'plus_or_minus');
INSERT INTO N    VALUES ('1_123_1', '1_123', '1_123', '1_123_2', 'Leaf');
INSERT INTO LN   VALUES ('1_123_1', 'Term');
INSERT INTO T    VALUES ('1_123_1', 'BANG', '!');
INSERT INTO N    VALUES ('1_123_2', '1_123', '1_123', '1_123_3', 'Leaf');
INSERT INTO LN   VALUES ('1_123_2', 'Term');
INSERT INTO T    VALUES ('1_123_2', 'COLON', ':');
INSERT INTO N    VALUES ('1_123_3', '1_123', '1_123', '1_123_4', 'Leaf');
INSERT INTO LN   VALUES ('1_123_3', 'Term');
INSERT INTO T    VALUES ('1_123_3', 'TOKEN_REF', 'TOK_PLUS');
INSERT INTO N    VALUES ('1_123_4', '1_123', '1_123', '1_123_5', 'Leaf');
INSERT INTO LN   VALUES ('1_123_4', 'Term');
INSERT INTO T    VALUES ('1_123_4', 'OR', '|');
INSERT INTO N    VALUES ('1_123_5', '1_123', '1_123', '1_123_6', 'Leaf');
INSERT INTO LN   VALUES ('1_123_5', 'Term');
INSERT INTO T    VALUES ('1_123_5', 'TOKEN_REF', 'TOK_MINUS');
INSERT INTO N    VALUES ('1_124', '1', '1_124', '1_125', 'Nonleaf');
INSERT INTO NLN  VALUES ('1_124', '1_124_1', 'Rule');
INSERT INTO R    VALUES ('1_124', 'mult_op');
INSERT INTO N    VALUES ('1_124_1', '1_124', '1_124', '1_124_2', 'Leaf');
INSERT INTO LN   VALUES ('1_124_1', 'Term');
INSERT INTO T    VALUES ('1_124_1', 'BANG', '!');
INSERT INTO N    VALUES ('1_124_2', '1_124', '1_124', '1_124_3', 'Leaf');
INSERT INTO LN   VALUES ('1_124_2', 'Term');
INSERT INTO T    VALUES ('1_124_2', 'COLON', ':');
INSERT INTO N    VALUES ('1_124_3', '1_124', '1_124', '1_124_4', 'Leaf');
INSERT INTO LN   VALUES ('1_124_3', 'Term');
INSERT INTO T    VALUES ('1_124_3', 'TOKEN_REF', 'TOK_TIMES');
INSERT INTO N    VALUES ('1_124_4', '1_124', '1_124', '1_124_5', 'Leaf');
INSERT INTO LN   VALUES ('1_124_4', 'Term');
INSERT INTO T    VALUES ('1_124_4', 'OR', '|');
INSERT INTO N    VALUES ('1_124_5', '1_124', '1_124', '1_124_6', 'Leaf');
INSERT INTO LN   VALUES ('1_124_5', 'Term');
INSERT INTO T    VALUES ('1_124_5', 'TOKEN_REF', 'TOK_DIV');
INSERT INTO N    VALUES ('1_124_6', '1_124', '1_124', '1_124_7', 'Leaf');
INSERT INTO LN   VALUES ('1_124_6', 'Term');
INSERT INTO T    VALUES ('1_124_6', 'OR', '|');
INSERT INTO N    VALUES ('1_124_7', '1_124', '1_124', '1_124_8', 'Leaf');
INSERT INTO LN   VALUES ('1_124_7', 'Term');
INSERT INTO T    VALUES ('1_124_7', 'TOKEN_REF', 'TOK_MOD');
